geo,time,metric,expected,baseline,actual
national_geo,2018-01-07,mean,10240.881,4949.4385,9779.8
national_geo,2018-01-07,ci_lo,9809.747,4511.4,9779.8
national_geo,2018-01-07,ci_hi,10674.442,5382.3213,9779.8
national_geo,2018-01-14,mean,13564.815,4932.745,13245.19
national_geo,2018-01-14,ci_lo,13221.326,4524.729,13245.19
national_geo,2018-01-14,ci_hi,13915.198,5334.5303,13245.19
national_geo,2018-01-21,mean,11994.964,4915.301,12022.66
national_geo,2018-01-21,ci_lo,11678.54,4536.5327,12022.66
national_geo,2018-01-21,ci_hi,12319.973,5286.6553,12022.66
national_geo,2018-01-28,mean,8384.985,4897.127,8846.95
national_geo,2018-01-28,ci_lo,8085.5986,4535.629,8846.95
national_geo,2018-01-28,ci_hi,8702.018,5248.2764,8846.95
national_geo,2018-02-04,mean,8615.042,4878.209,9797.07
national_geo,2018-02-04,ci_lo,8325.696,4531.9775,9797.07
national_geo,2018-02-04,ci_hi,8907.567,5211.0425,9797.07
national_geo,2018-02-11,mean,13709.629,4858.5864,13527.65
national_geo,2018-02-11,ci_lo,13449.576,4528.4097,13527.65
national_geo,2018-02-11,ci_hi,13969.3,5174.3657,13527.65
national_geo,2018-02-18,mean,10284.759,4838.284,9635.43
national_geo,2018-02-18,ci_lo,10041.442,4516.101,9635.43
national_geo,2018-02-18,ci_hi,10527.551,5147.2734,9635.43
national_geo,2018-02-25,mean,14809.135,4817.3354,15355.11
national_geo,2018-02-25,ci_lo,14576.679,4500.7314,15355.11
national_geo,2018-02-25,ci_hi,15041.353,5115.7085,15355.11
national_geo,2018-03-04,mean,12322.826,4795.7983,12199.37
national_geo,2018-03-04,ci_lo,12101.275,4484.8584,12199.37
national_geo,2018-03-04,ci_hi,12550.4375,5090.12,12199.37
national_geo,2018-03-11,mean,11715.561,4773.7217,11368.23
national_geo,2018-03-11,ci_lo,11489.246,4460.9097,11368.23
national_geo,2018-03-11,ci_hi,11936.405,5065.1084,11368.23
national_geo,2018-03-18,mean,8489.357,4751.1626,8640.44
national_geo,2018-03-18,ci_lo,8250.946,4437.827,8640.44
national_geo,2018-03-18,ci_hi,8727.311,5042.337,8640.44
national_geo,2018-03-25,mean,5824.4653,4728.2046,4960.26
national_geo,2018-03-25,ci_lo,5563.7207,4414.466,4960.26
national_geo,2018-03-25,ci_hi,6087.178,5022.9194,4960.26
national_geo,2018-04-01,mean,12554.707,4704.9414,12726.46
national_geo,2018-04-01,ci_lo,12279.475,4388.076,12726.46
national_geo,2018-04-01,ci_hi,12822.458,5003.236,12726.46
national_geo,2018-04-08,mean,11371.278,4681.4224,11421.71
national_geo,2018-04-08,ci_lo,11103.43,4359.395,11421.71
national_geo,2018-04-08,ci_hi,11638.257,4984.249,11421.71
national_geo,2018-04-15,mean,10739.503,4657.761,10875.31
national_geo,2018-04-15,ci_lo,10496.607,4335.3257,10875.31
national_geo,2018-04-15,ci_hi,10975.724,4966.6255,10875.31
national_geo,2018-04-22,mean,12714.813,4634.037,13048.08
national_geo,2018-04-22,ci_lo,12469.967,4299.134,13048.08
national_geo,2018-04-22,ci_hi,12959.981,4956.8853,13048.08
national_geo,2018-04-29,mean,10592.333,4610.3247,10775.86
national_geo,2018-04-29,ci_lo,10312.366,4252.295,10775.86
national_geo,2018-04-29,ci_hi,10861.576,4953.47,10775.86
national_geo,2018-05-06,mean,15023.141,4586.743,15013.62
national_geo,2018-05-06,ci_lo,14753.508,4214.863,15013.62
national_geo,2018-05-06,ci_hi,15299.653,4951.115,15013.62
national_geo,2018-05-13,mean,13926.709,4563.358,14158.32
national_geo,2018-05-13,ci_lo,13624.924,4167.3687,14158.32
national_geo,2018-05-13,ci_hi,14236.941,4954.4414,14158.32
national_geo,2018-05-20,mean,15742.216,4555.758,15918.14
national_geo,2018-05-20,ci_lo,15454.334,4181.626,15918.14
national_geo,2018-05-20,ci_hi,16028.715,4921.9297,15918.14
national_geo,2018-05-27,mean,11412.79,4548.5376,11128.75
national_geo,2018-05-27,ci_lo,11150.405,4192.8115,11128.75
national_geo,2018-05-27,ci_hi,11683.813,4898.2,11128.75
national_geo,2018-06-03,mean,12929.003,4541.7437,12170.36
national_geo,2018-06-03,ci_lo,12692.509,4193.9517,12170.36
national_geo,2018-06-03,ci_hi,13167.743,4880.722,12170.36
national_geo,2018-06-10,mean,10251.619,4535.4717,10134.7
national_geo,2018-06-10,ci_lo,10014.005,4199.262,10134.7
national_geo,2018-06-10,ci_hi,10499.713,4870.039,10134.7
national_geo,2018-06-17,mean,11837.942,4529.77,11093.55
national_geo,2018-06-17,ci_lo,11596.658,4203.548,11093.55
national_geo,2018-06-17,ci_hi,12080.736,4852.6675,11093.55
national_geo,2018-06-24,mean,7856.8804,4524.679,8170.63
national_geo,2018-06-24,ci_lo,7605.6426,4201.4526,8170.63
national_geo,2018-06-24,ci_hi,8098.7075,4844.2563,8170.63
national_geo,2018-07-01,mean,6101.872,4520.2676,6542.71
national_geo,2018-07-01,ci_lo,5843.98,4197.4697,6542.71
national_geo,2018-07-01,ci_hi,6352.104,4840.8765,6542.71
national_geo,2018-07-08,mean,10686.056,4516.5576,11325.8
national_geo,2018-07-08,ci_lo,10458.019,4198.8745,11325.8
national_geo,2018-07-08,ci_hi,10916.726,4831.862,11325.8
national_geo,2018-07-15,mean,8250.889,4513.5674,7793.24
national_geo,2018-07-15,ci_lo,8016.439,4197.5786,7793.24
national_geo,2018-07-15,ci_hi,8490.141,4825.546,7793.24
national_geo,2018-07-22,mean,15293.596,4511.3125,15010.94
national_geo,2018-07-22,ci_lo,15047.296,4195.594,15010.94
national_geo,2018-07-22,ci_hi,15529.458,4819.642,15010.94
national_geo,2018-07-29,mean,10176.556,4509.802,10634.31
national_geo,2018-07-29,ci_lo,9942.796,4201.7734,10634.31
national_geo,2018-07-29,ci_hi,10401.462,4813.995,10634.31
national_geo,2018-08-05,mean,11542.086,4509.032,11751.39
national_geo,2018-08-05,ci_lo,11318.087,4202.0864,11751.39
national_geo,2018-08-05,ci_hi,11756.072,4814.3013,11751.39
national_geo,2018-08-12,mean,8793.623,4508.9624,9151.2
national_geo,2018-08-12,ci_lo,8539.394,4201.7188,9151.2
national_geo,2018-08-12,ci_hi,9045.42,4810.6953,9151.2
national_geo,2018-08-19,mean,8741.605,4509.5767,9141.46
national_geo,2018-08-19,ci_lo,8461.811,4199.6523,9141.46
national_geo,2018-08-19,ci_hi,9016.253,4811.0903,9141.46
national_geo,2018-08-26,mean,7787.1196,4510.8384,7399.92
national_geo,2018-08-26,ci_lo,7524.244,4197.4727,7399.92
national_geo,2018-08-26,ci_hi,8046.514,4817.312,7399.92
national_geo,2018-09-02,mean,10838.153,4512.692,10893.16
national_geo,2018-09-02,ci_lo,10539.716,4190.4253,10893.16
national_geo,2018-09-02,ci_hi,11127.504,4828.0,10893.16
national_geo,2018-09-09,mean,11724.052,4515.09,11550.47
national_geo,2018-09-09,ci_lo,11448.201,4180.754,11550.47
national_geo,2018-09-09,ci_hi,11994.767,4838.973,11550.47
national_geo,2018-09-16,mean,8915.047,4517.947,8672.09
national_geo,2018-09-16,ci_lo,8616.94,4167.6646,8672.09
national_geo,2018-09-16,ci_hi,9217.288,4863.9272,8672.09
national_geo,2018-09-23,mean,9670.231,4540.5483,9427.22
national_geo,2018-09-23,ci_lo,9394.067,4210.909,9427.22
national_geo,2018-09-23,ci_hi,9953.183,4862.7173,9427.22
national_geo,2018-09-30,mean,7744.0957,4563.4526,8036.91
national_geo,2018-09-30,ci_lo,7490.953,4247.9487,8036.91
national_geo,2018-09-30,ci_hi,7994.106,4864.1113,8036.91
national_geo,2018-10-07,mean,11247.733,4586.602,11240.58
national_geo,2018-10-07,ci_lo,10976.292,4285.1113,11240.58
national_geo,2018-10-07,ci_hi,11524.783,4880.281,11240.58
national_geo,2018-10-14,mean,12517.81,4609.9126,12386.83
national_geo,2018-10-14,ci_lo,12264.053,4315.821,12386.83
national_geo,2018-10-14,ci_hi,12778.242,4894.88,12386.83
national_geo,2018-10-21,mean,12446.208,4633.2793,12513.84
national_geo,2018-10-21,ci_lo,12196.992,4337.941,12513.84
national_geo,2018-10-21,ci_hi,12694.893,4917.224,12513.84
national_geo,2018-10-28,mean,12840.343,4656.6187,12235.08
national_geo,2018-10-28,ci_lo,12574.339,4362.648,12235.08
national_geo,2018-10-28,ci_hi,13098.252,4939.17,12235.08
national_geo,2018-11-04,mean,12258.977,4679.848,11895.78
national_geo,2018-11-04,ci_lo,11905.103,4384.977,11895.78
national_geo,2018-11-04,ci_hi,12614.155,4963.8296,11895.78
national_geo,2018-11-11,mean,9042.822,4702.881,10047.41
national_geo,2018-11-11,ci_lo,8747.906,4409.193,10047.41
national_geo,2018-11-11,ci_hi,9333.155,4989.0435,10047.41
national_geo,2018-11-18,mean,9758.445,4725.6143,9705.39
national_geo,2018-11-18,ci_lo,9496.622,4430.746,9705.39
national_geo,2018-11-18,ci_hi,10023.964,5012.2773,9705.39
national_geo,2018-11-25,mean,8690.388,4747.984,8847.19
national_geo,2018-11-25,ci_lo,8427.691,4449.4785,8847.19
national_geo,2018-11-25,ci_hi,8953.262,5037.432,8847.19
national_geo,2018-12-02,mean,10749.191,4769.9214,10379.07
national_geo,2018-12-02,ci_lo,10518.218,4468.209,10379.07
national_geo,2018-12-02,ci_hi,10976.386,5062.7983,10379.07
national_geo,2018-12-09,mean,11131.465,4791.343,11312.48
national_geo,2018-12-09,ci_lo,10880.937,4484.611,11312.48
national_geo,2018-12-09,ci_hi,11379.604,5092.491,11312.48
national_geo,2018-12-16,mean,8174.5293,4812.1885,8226.23
national_geo,2018-12-16,ci_lo,7914.296,4501.677,8226.23
national_geo,2018-12-16,ci_hi,8430.492,5118.109,8226.23
national_geo,2018-12-23,mean,14498.13,4832.418,13966.11
national_geo,2018-12-23,ci_lo,14226.177,4516.614,13966.11
national_geo,2018-12-23,ci_hi,14769.551,5144.9404,13966.11
national_geo,2018-12-30,mean,13138.262,4851.9697,13460.32
national_geo,2018-12-30,ci_lo,12865.013,4521.4316,13460.32
national_geo,2018-12-30,ci_hi,13406.442,5168.647,13460.32
national_geo,2019-01-06,mean,14997.409,4870.8384,15742.61
national_geo,2019-01-06,ci_lo,14720.874,4525.227,15742.61
national_geo,2019-01-06,ci_hi,15265.725,5200.2417,15742.61
national_geo,2019-01-13,mean,10940.17,4888.983,10440.98
national_geo,2019-01-13,ci_lo,10665.671,4525.1685,10440.98
national_geo,2019-01-13,ci_hi,11216.97,5237.859,10440.98
national_geo,2019-01-20,mean,9118.053,4906.367,8535.49
national_geo,2019-01-20,ci_lo,8834.058,4517.651,8535.49
national_geo,2019-01-20,ci_hi,9402.745,5282.01,8535.49
national_geo,2019-01-27,mean,8121.66,4914.868,7801.58
national_geo,2019-01-27,ci_lo,7849.204,4551.9844,7801.58
national_geo,2019-01-27,ci_hi,8390.577,5265.148,7801.58
national_geo,2019-02-03,mean,9845.925,4922.646,9570.01
national_geo,2019-02-03,ci_lo,9580.194,4576.6304,9570.01
national_geo,2019-02-03,ci_hi,10119.522,5247.5396,9570.01
national_geo,2019-02-10,mean,7889.555,4929.706,7854.78
national_geo,2019-02-10,ci_lo,7655.711,4598.792,7854.78
national_geo,2019-02-10,ci_hi,8130.9194,5241.003,7854.78
national_geo,2019-02-17,mean,7632.153,4936.073,8067.55
national_geo,2019-02-17,ci_lo,7397.075,4619.976,8067.55
national_geo,2019-02-17,ci_hi,7865.282,5234.84,8067.55
national_geo,2019-02-24,mean,7636.398,4941.8135,7848.26
national_geo,2019-02-24,ci_lo,7397.3174,4640.2085,7848.26
national_geo,2019-02-24,ci_hi,7867.492,5235.5215,7848.26
national_geo,2019-03-03,mean,14142.312,4946.9614,14012.71
national_geo,2019-03-03,ci_lo,13881.631,4650.0713,14012.71
national_geo,2019-03-03,ci_hi,14400.558,5233.2173,14012.71
national_geo,2019-03-10,mean,15585.919,4951.5645,16127.45
national_geo,2019-03-10,ci_lo,15350.957,4660.4873,16127.45
national_geo,2019-03-10,ci_hi,15827.746,5231.6577,16127.45
national_geo,2019-03-17,mean,11405.69,4955.682,11636.97
national_geo,2019-03-17,ci_lo,11175.49,4666.857,11636.97
national_geo,2019-03-17,ci_hi,11632.554,5235.6587,11636.97
national_geo,2019-03-24,mean,9158.314,4959.419,8193.65
national_geo,2019-03-24,ci_lo,8937.4,4670.7173,8193.65
national_geo,2019-03-24,ci_hi,9378.568,5236.25,8193.65
national_geo,2019-03-31,mean,8509.194,4962.8237,9451.61
national_geo,2019-03-31,ci_lo,8265.976,4677.4644,9451.61
national_geo,2019-03-31,ci_hi,8757.998,5237.5415,9451.61
national_geo,2019-04-07,mean,10890.144,4966.0034,11454.02
national_geo,2019-04-07,ci_lo,10661.999,4682.834,11454.02
national_geo,2019-04-07,ci_hi,11116.562,5234.9243,11454.02
national_geo,2019-04-14,mean,6035.056,4969.016,5526.84
national_geo,2019-04-14,ci_lo,5789.3164,4687.285,5526.84
national_geo,2019-04-14,ci_hi,6285.606,5233.932,5526.84
national_geo,2019-04-21,mean,7751.559,4971.973,7677.52
national_geo,2019-04-21,ci_lo,7540.926,4691.649,7677.52
national_geo,2019-04-21,ci_hi,7965.175,5241.2935,7677.52
national_geo,2019-04-28,mean,7577.392,4974.9653,8084.98
national_geo,2019-04-28,ci_lo,7358.392,4688.991,8084.98
national_geo,2019-04-28,ci_hi,7801.0796,5243.5747,8084.98
national_geo,2019-05-05,mean,7607.714,4978.042,7456.56
national_geo,2019-05-05,ci_lo,7380.835,4682.21,7456.56
national_geo,2019-05-05,ci_hi,7843.8955,5256.7544,7456.56
national_geo,2019-05-12,mean,5098.681,4981.347,5365.18
national_geo,2019-05-12,ci_lo,4818.8594,4671.8154,5365.18
national_geo,2019-05-12,ci_hi,5366.3667,5272.383,5365.18
national_geo,2019-05-19,mean,7578.6597,4984.9346,8134.16
national_geo,2019-05-19,ci_lo,7311.4004,4661.6343,8134.16
national_geo,2019-05-19,ci_hi,7853.76,5295.222,8134.16
national_geo,2019-05-26,mean,10578.333,4988.888,10065.53
national_geo,2019-05-26,ci_lo,10267.178,4641.349,10065.53
national_geo,2019-05-26,ci_hi,10884.913,5319.812,10065.53
national_geo,2019-06-02,mean,11485.089,4966.1655,10878.94
national_geo,2019-06-02,ci_lo,11174.641,4640.976,10878.94
national_geo,2019-06-02,ci_hi,11789.837,5272.5244,10878.94
national_geo,2019-06-09,mean,11305.592,4943.972,11524.63
national_geo,2019-06-09,ci_lo,11045.811,4637.181,11524.63
national_geo,2019-06-09,ci_hi,11573.357,5231.1997,11524.63
national_geo,2019-06-16,mean,6421.1865,4922.3413,6563.85
national_geo,2019-06-16,ci_lo,6163.866,4628.189,6563.85
national_geo,2019-06-16,ci_hi,6665.8623,5197.88,6563.85
national_geo,2019-06-23,mean,13871.195,4901.327,14165.57
national_geo,2019-06-23,ci_lo,13612.866,4618.237,14165.57
national_geo,2019-06-23,ci_hi,14129.942,5172.4478,14165.57
national_geo,2019-06-30,mean,15757.161,4880.9927,15624.56
national_geo,2019-06-30,ci_lo,15496.683,4603.948,15624.56
national_geo,2019-06-30,ci_hi,16012.539,5145.775,15624.56
national_geo,2019-07-07,mean,11494.936,4861.356,11305.04
national_geo,2019-07-07,ci_lo,11240.365,4583.851,11305.04
national_geo,2019-07-07,ci_hi,11757.17,5125.88,11305.04
national_geo,2019-07-14,mean,9304.202,4842.439,8245.57
national_geo,2019-07-14,ci_lo,9084.271,4563.703,8245.57
national_geo,2019-07-14,ci_hi,9534.798,5112.668,8245.57
national_geo,2019-07-21,mean,8377.847,4824.2637,7676.64
national_geo,2019-07-21,ci_lo,8159.5645,4549.245,7676.64
national_geo,2019-07-21,ci_hi,8603.532,5096.799,7676.64
national_geo,2019-07-28,mean,5344.134,4806.8247,5023.53
national_geo,2019-07-28,ci_lo,5103.3926,4529.479,5023.53
national_geo,2019-07-28,ci_hi,5588.3403,5080.0312,5023.53
national_geo,2019-08-04,mean,7623.442,4790.126,8058.85
national_geo,2019-08-04,ci_lo,7406.4795,4508.0415,8058.85
national_geo,2019-08-04,ci_hi,7848.579,5063.817,8058.85
national_geo,2019-08-11,mean,9633.376,4774.1304,9902.44
national_geo,2019-08-11,ci_lo,9405.152,4487.1187,9902.44
national_geo,2019-08-11,ci_hi,9873.834,5052.048,9902.44
national_geo,2019-08-18,mean,7985.08,4758.829,8058.05
national_geo,2019-08-18,ci_lo,7772.41,4470.63,8058.05
national_geo,2019-08-18,ci_hi,8209.429,5044.0225,8058.05
national_geo,2019-08-25,mean,7529.7754,4744.1646,7498.36
national_geo,2019-08-25,ci_lo,7300.32,4452.45,7498.36
national_geo,2019-08-25,ci_hi,7764.28,5036.063,7498.36
national_geo,2019-09-01,mean,12159.448,4730.094,12216.8
national_geo,2019-09-01,ci_lo,11868.6,4435.734,12216.8
national_geo,2019-09-01,ci_hi,12452.202,5029.7075,12216.8
national_geo,2019-09-08,mean,10651.108,4716.564,11042.8
national_geo,2019-09-08,ci_lo,10379.599,4416.258,11042.8
national_geo,2019-09-08,ci_hi,10922.313,5021.4883,11042.8
national_geo,2019-09-15,mean,9575.233,4703.4995,10713.92
national_geo,2019-09-15,ci_lo,9285.281,4390.992,10713.92
national_geo,2019-09-15,ci_hi,9866.41,5023.195,10713.92
national_geo,2019-09-22,mean,8916.231,4690.8384,9130.06
national_geo,2019-09-22,ci_lo,8634.73,4358.2427,9130.06
national_geo,2019-09-22,ci_hi,9193.6,5025.4976,9130.06
national_geo,2019-09-29,mean,8250.006,4678.5015,7325.82
national_geo,2019-09-29,ci_lo,7947.359,4324.017,7325.82
national_geo,2019-09-29,ci_hi,8559.494,5038.189,7325.82
national_geo,2019-10-06,mean,15675.277,4695.5703,15292.36
national_geo,2019-10-06,ci_lo,15382.187,4364.1816,15292.36
national_geo,2019-10-06,ci_hi,15974.849,5027.0986,15292.36
national_geo,2019-10-13,mean,10924.866,4712.816,11571.92
national_geo,2019-10-13,ci_lo,10651.209,4397.1855,11571.92
national_geo,2019-10-13,ci_hi,11196.11,5027.811,11571.92
national_geo,2019-10-20,mean,11083.542,4730.1055,10464.3
national_geo,2019-10-20,ci_lo,10843.69,4426.191,10464.3
national_geo,2019-10-20,ci_hi,11330.361,5033.938,10464.3
national_geo,2019-10-27,mean,8706.282,4747.382,9229.31
national_geo,2019-10-27,ci_lo,8491.244,4448.92,9229.31
national_geo,2019-10-27,ci_hi,8924.654,5041.644,9229.31
national_geo,2019-11-03,mean,10416.343,4764.5376,9964.76
national_geo,2019-11-03,ci_lo,10197.427,4470.633,9964.76
national_geo,2019-11-03,ci_hi,10633.82,5053.8022,9964.76
national_geo,2019-11-10,mean,8216.899,4781.493,8018.56
national_geo,2019-11-10,ci_lo,8005.2935,4490.591,8018.56
national_geo,2019-11-10,ci_hi,8434.955,5062.4204,8018.56
national_geo,2019-11-17,mean,7504.0117,4798.1743,7278.85
national_geo,2019-11-17,ci_lo,7291.6196,4511.809,7278.85
national_geo,2019-11-17,ci_hi,7722.614,5078.926,7278.85
national_geo,2019-11-24,mean,7699.5156,4814.4663,8467.44
national_geo,2019-11-24,ci_lo,7468.4536,4529.923,8467.44
national_geo,2019-11-24,ci_hi,7930.8765,5096.352,8467.44
national_geo,2019-12-01,mean,7588.8486,4830.331,7620.08
national_geo,2019-12-01,ci_lo,7357.092,4544.382,7620.08
national_geo,2019-12-01,ci_hi,7820.83,5117.3843,7620.08
national_geo,2019-12-08,mean,7378.343,4845.674,7353.99
national_geo,2019-12-08,ci_lo,7109.795,4557.4307,7353.99
national_geo,2019-12-08,ci_hi,7646.4897,5136.5596,7353.99
national_geo,2019-12-15,mean,13661.204,4860.4556,12947.48
national_geo,2019-12-15,ci_lo,13389.8125,4571.494,12947.48
national_geo,2019-12-15,ci_hi,13921.971,5151.0713,12947.48
national_geo,2019-12-22,mean,10180.278,4874.607,10250.78
national_geo,2019-12-22,ci_lo,9942.494,4583.208,10250.78
national_geo,2019-12-22,ci_hi,10412.662,5169.0317,10250.78
national_geo,2019-12-29,mean,13037.329,4888.0986,13096.57
national_geo,2019-12-29,ci_lo,12812.418,4591.2935,13096.57
national_geo,2019-12-29,ci_hi,13260.64,5189.637,13096.57
national_geo,2020-01-05,mean,10700.083,4900.8765,10843.3
national_geo,2020-01-05,ci_lo,10471.846,4593.4165,10843.3
national_geo,2020-01-05,ci_hi,10933.077,5204.667,10843.3
national_geo,2020-01-12,mean,9174.679,4912.9443,9702.32
national_geo,2020-01-12,ci_lo,8936.011,4594.676,9702.32
national_geo,2020-01-12,ci_hi,9413.193,5234.2183,9702.32
national_geo,2020-01-19,mean,11742.43,4924.269,11509.72
national_geo,2020-01-19,ci_lo,11481.4375,4585.0195,11509.72
national_geo,2020-01-19,ci_hi,12010.647,5262.647,11509.72
national_geo,2020-01-26,mean,10941.571,4934.8613,10862.91
national_geo,2020-01-26,ci_lo,10638.689,4576.2983,10862.91
national_geo,2020-01-26,ci_hi,11246.077,5292.328,10862.91
national_geo,2020-02-02,mean,14337.097,4944.7114,14894.3
national_geo,2020-02-02,ci_lo,14002.192,4560.088,14894.3
national_geo,2020-02-02,ci_hi,14663.137,5328.0884,14894.3
national_geo,2020-02-09,mean,13092.688,4942.5454,12071.16
national_geo,2020-02-09,ci_lo,12823.247,4580.7954,12071.16
national_geo,2020-02-09,ci_hi,13368.857,5303.248,12071.16
national_geo,2020-02-16,mean,16965.193,4939.7065,16592.25
national_geo,2020-02-16,ci_lo,16655.406,4595.0474,16592.25
national_geo,2020-02-16,ci_hi,17275.027,5282.43,16592.25
national_geo,2020-02-23,mean,11976.779,4936.2227,12441.24
national_geo,2020-02-23,ci_lo,11734.611,4599.967,12441.24
national_geo,2020-02-23,ci_hi,12225.129,5269.6953,12441.24
national_geo,2020-03-01,mean,12259.627,4932.134,12279.8
national_geo,2020-03-01,ci_lo,12021.518,4604.661,12279.8
national_geo,2020-03-01,ci_hi,12496.244,5259.703,12279.8
national_geo,2020-03-08,mean,6745.8794,4927.5215,6790.08
national_geo,2020-03-08,ci_lo,6497.68,4610.0537,6790.08
national_geo,2020-03-08,ci_hi,6993.2104,5247.097,6790.08
national_geo,2020-03-15,mean,11936.961,4922.427,11909.22
national_geo,2020-03-15,ci_lo,11670.041,4602.7314,11909.22
national_geo,2020-03-15,ci_hi,12198.347,5246.9077,11909.22
national_geo,2020-03-22,mean,13273.943,4916.9424,13496.33
national_geo,2020-03-22,ci_lo,13049.29,4599.1963,13496.33
national_geo,2020-03-22,ci_hi,13493.149,5240.9385,13496.33
national_geo,2020-03-29,mean,11611.845,4911.1206,12297.33
national_geo,2020-03-29,ci_lo,11400.615,4588.874,12297.33
national_geo,2020-03-29,ci_hi,11824.392,5236.513,12297.33
national_geo,2020-04-05,mean,6400.4053,4905.0806,6378.02
national_geo,2020-04-05,ci_lo,6147.39,4578.6084,6378.02
national_geo,2020-04-05,ci_hi,6649.481,5229.768,6378.02
national_geo,2020-04-12,mean,14683.53,4898.882,14447.22
national_geo,2020-04-12,ci_lo,14440.474,4567.982,14447.22
national_geo,2020-04-12,ci_hi,14926.453,5224.987,14447.22
national_geo,2020-04-19,mean,14345.987,4892.613,14199.63
national_geo,2020-04-19,ci_lo,14096.877,4558.973,14199.63
national_geo,2020-04-19,ci_hi,14598.04,5219.211,14199.63
national_geo,2020-04-26,mean,8880.556,4886.378,8818.6
national_geo,2020-04-26,ci_lo,8628.159,4547.3145,8818.6
national_geo,2020-04-26,ci_hi,9132.105,5217.032,8818.6
national_geo,2020-05-03,mean,12226.101,4880.2476,11735.1
national_geo,2020-05-03,ci_lo,11993.075,4538.855,11735.1
national_geo,2020-05-03,ci_hi,12463.371,5211.6396,11735.1
national_geo,2020-05-10,mean,10721.567,4874.3306,10804.46
national_geo,2020-05-10,ci_lo,10465.959,4525.7124,10804.46
national_geo,2020-05-10,ci_hi,10971.177,5212.1094,10804.46
national_geo,2020-05-17,mean,10506.058,4868.6846,10008.84
national_geo,2020-05-17,ci_lo,10253.992,4508.7227,10008.84
national_geo,2020-05-17,ci_hi,10759.166,5213.0845,10008.84
national_geo,2020-05-24,mean,12288.353,4863.421,13038.94
national_geo,2020-05-24,ci_lo,12018.542,4486.983,13038.94
national_geo,2020-05-24,ci_hi,12553.191,5223.832,13038.94
national_geo,2020-05-31,mean,12915.851,4858.5854,12997.57
national_geo,2020-05-31,ci_lo,12619.67,4464.2524,12997.57
national_geo,2020-05-31,ci_hi,13218.169,5233.994,12997.57
national_geo,2020-06-07,mean,13079.734,4854.271,13131.68
national_geo,2020-06-07,ci_lo,12781.542,4438.1123,13131.68
national_geo,2020-06-07,ci_hi,13381.6,5251.7793,13131.68
national_geo,2020-06-14,mean,14760.016,4838.7344,14703.9
national_geo,2020-06-14,ci_lo,14434.054,4446.3496,14703.9
national_geo,2020-06-14,ci_hi,15079.854,5213.484,14703.9
national_geo,2020-06-21,mean,17890.447,4823.8027,17668.34
national_geo,2020-06-21,ci_lo,17530.965,4443.9434,17668.34
national_geo,2020-06-21,ci_hi,18246.22,5186.992,17668.34
national_geo,2020-06-28,mean,12805.303,4809.5415,13267.43
national_geo,2020-06-28,ci_lo,12538.138,4443.1997,13267.43
national_geo,2020-06-28,ci_hi,13084.729,5158.358,13267.43
national_geo,2020-07-05,mean,7506.944,4795.9927,8106.56
national_geo,2020-07-05,ci_lo,7238.4424,4436.8447,8106.56
national_geo,2020-07-05,ci_hi,7775.9517,5136.6704,8106.56
national_geo,2020-07-12,mean,11486.361,4783.1533,11182.44
national_geo,2020-07-12,ci_lo,11249.129,4428.649,11182.44
national_geo,2020-07-12,ci_hi,11731.89,5115.38,11182.44
national_geo,2020-07-19,mean,11327.454,4771.07,10886.67
national_geo,2020-07-19,ci_lo,11096.571,4423.7427,10886.67
national_geo,2020-07-19,ci_hi,11565.671,5099.607,10886.67
national_geo,2020-07-26,mean,11263.868,4759.704,11160.91
national_geo,2020-07-26,ci_lo,11007.318,4422.347,11160.91
national_geo,2020-07-26,ci_hi,11530.638,5079.0884,11160.91
national_geo,2020-08-02,mean,8317.536,4749.075,7160.31
national_geo,2020-08-02,ci_lo,8055.9707,4417.4263,7160.31
national_geo,2020-08-02,ci_hi,8600.462,5062.6035,7160.31
national_geo,2020-08-09,mean,14654.356,4739.182,14452.13
national_geo,2020-08-09,ci_lo,14406.328,4411.261,14452.13
national_geo,2020-08-09,ci_hi,14899.53,5048.5483,14452.13
national_geo,2020-08-16,mean,10810.866,4729.9424,11189.87
national_geo,2020-08-16,ci_lo,10573.916,4406.0884,11189.87
national_geo,2020-08-16,ci_hi,11052.867,5034.323,11189.87
national_geo,2020-08-23,mean,14410.829,4721.3667,15012.92
national_geo,2020-08-23,ci_lo,14182.537,4405.023,15012.92
national_geo,2020-08-23,ci_hi,14634.724,5017.4087,15012.92
national_geo,2020-08-30,mean,8145.002,4713.3735,8606.27
national_geo,2020-08-30,ci_lo,7903.408,4400.3604,8606.27
national_geo,2020-08-30,ci_hi,8381.592,5006.2,8606.27
national_geo,2020-09-06,mean,6305.3506,4705.925,5991.27
national_geo,2020-09-06,ci_lo,6051.227,4394.684,5991.27
national_geo,2020-09-06,ci_hi,6550.2666,4997.324,5991.27
national_geo,2020-09-13,mean,8188.958,4698.9526,8239.06
national_geo,2020-09-13,ci_lo,7947.964,4389.483,8239.06
national_geo,2020-09-13,ci_hi,8435.559,4989.174,8239.06
national_geo,2020-09-20,mean,5195.8354,4692.373,5561.95
national_geo,2020-09-20,ci_lo,4926.825,4378.853,5561.95
national_geo,2020-09-20,ci_hi,5463.5605,4984.203,5561.95
national_geo,2020-09-27,mean,9802.148,4686.113,9797.26
national_geo,2020-09-27,ci_lo,9522.923,4363.9727,9797.26
national_geo,2020-09-27,ci_hi,10077.057,4985.3647,9797.26
national_geo,2020-10-04,mean,14812.624,4680.0874,14673.81
national_geo,2020-10-04,ci_lo,14517.321,4347.38,14673.81
national_geo,2020-10-04,ci_hi,15105.918,4992.387,14673.81
national_geo,2020-10-11,mean,10770.277,4674.2227,11598.35
national_geo,2020-10-11,ci_lo,10468.7295,4319.7334,11598.35
national_geo,2020-10-11,ci_hi,11084.818,5007.649,11598.35
national_geo,2020-10-18,mean,12917.714,4687.606,13368.12
national_geo,2020-10-18,ci_lo,12615.48,4361.1553,13368.12
national_geo,2020-10-18,ci_hi,13216.44,5000.554,13368.12
national_geo,2020-10-25,mean,14123.028,4700.956,14428.14
national_geo,2020-10-25,ci_lo,13793.847,4394.25,14428.14
national_geo,2020-10-25,ci_hi,14438.751,4996.765,14428.14
national_geo,2020-11-01,mean,11266.431,4714.1924,11172.84
national_geo,2020-11-01,ci_lo,10964.162,4417.7007,11172.84
national_geo,2020-11-01,ci_hi,11561.644,4994.9014,11172.84
national_geo,2020-11-08,mean,7383.7534,4727.2427,6340.56
national_geo,2020-11-08,ci_lo,7094.6494,4442.678,6340.56
national_geo,2020-11-08,ci_hi,7668.7734,5003.5576,6340.56
national_geo,2020-11-15,mean,8214.034,4740.0,8095.38
national_geo,2020-11-15,ci_lo,7984.9404,4460.8267,8095.38
national_geo,2020-11-15,ci_hi,8444.942,5014.043,8095.38
national_geo,2020-11-22,mean,10090.277,4752.389,9268.66
national_geo,2020-11-22,ci_lo,9863.299,4475.33,9268.66
national_geo,2020-11-22,ci_hi,10319.704,5022.454,9268.66
national_geo,2020-11-29,mean,5654.6714,4764.3354,4532.33
national_geo,2020-11-29,ci_lo,5424.25,4489.5107,4532.33
national_geo,2020-11-29,ci_hi,5883.096,5034.5654,4532.33
national_geo,2020-12-06,mean,10173.843,4775.7686,10982.62
national_geo,2020-12-06,ci_lo,9947.962,4502.949,10982.62
national_geo,2020-12-06,ci_hi,10395.396,5048.2285,10982.62
national_geo,2020-12-13,mean,8103.25,4786.6343,8447.64
national_geo,2020-12-13,ci_lo,7889.016,4510.044,8447.64
national_geo,2020-12-13,ci_hi,8317.73,5058.9336,8447.64
national_geo,2020-12-20,mean,8081.49,4796.872,7617.05
national_geo,2020-12-20,ci_lo,7837.6353,4514.515,7617.05
national_geo,2020-12-20,ci_hi,8321.061,5071.857,7617.05
national_geo,2020-12-27,mean,8131.4043,4806.441,7610.02
national_geo,2020-12-27,ci_lo,7904.4604,4521.788,7610.02
national_geo,2020-12-27,ci_hi,8363.222,5082.2314,7610.02
national_geo,2021-01-03,mean,7500.9624,4815.3154,7849.88
national_geo,2021-01-03,ci_lo,7289.311,4523.0947,7849.88
national_geo,2021-01-03,ci_hi,7707.546,5095.4443,7849.88
national_geo,2021-01-10,mean,7464.0317,4823.4575,7104.61
national_geo,2021-01-10,ci_lo,7239.099,4528.675,7104.61
national_geo,2021-01-10,ci_hi,7685.6963,5106.904,7104.61
national_geo,2021-01-17,mean,7616.512,4830.8843,8447.4
national_geo,2021-01-17,ci_lo,7370.4277,4528.9756,8447.4
national_geo,2021-01-17,ci_hi,7855.528,5122.5117,8447.4
national_geo,2021-01-24,mean,7476.9834,4837.5405,7885.48
national_geo,2021-01-24,ci_lo,7226.723,4526.886,7885.48
national_geo,2021-01-24,ci_hi,7722.261,5143.5986,7885.48
national_geo,2021-01-31,mean,9693.534,4843.489,9992.42
national_geo,2021-01-31,ci_lo,9427.345,4518.1655,9992.42
national_geo,2021-01-31,ci_hi,9961.309,5164.2476,9992.42
national_geo,2021-02-07,mean,10851.908,4848.7085,11322.95
national_geo,2021-02-07,ci_lo,10573.162,4504.437,11322.95
national_geo,2021-02-07,ci_hi,11128.963,5190.0503,11322.95
national_geo,2021-02-14,mean,15770.262,4853.2524,15977.27
national_geo,2021-02-14,ci_lo,15433.786,4485.975,15977.27
national_geo,2021-02-14,ci_hi,16095.258,5219.309,15977.27
national_geo,2021-02-21,mean,14131.971,4853.628,14259.48
national_geo,2021-02-21,ci_lo,13827.485,4504.4546,14259.48
national_geo,2021-02-21,ci_hi,14446.107,5200.223,14259.48
national_geo,2021-02-28,mean,13212.117,4853.4053,12886.05
national_geo,2021-02-28,ci_lo,12945.113,4525.1924,12886.05
national_geo,2021-02-28,ci_hi,13490.35,5179.9395,12886.05
national_geo,2021-03-07,mean,9074.343,4852.6724,9131.86
national_geo,2021-03-07,ci_lo,8795.501,4537.1616,9131.86
national_geo,2021-03-07,ci_hi,9359.987,5167.889,9131.86
national_geo,2021-03-14,mean,10888.393,4851.448,10953.39
national_geo,2021-03-14,ci_lo,10657.18,4537.3984,10953.39
national_geo,2021-03-14,ci_hi,11123.949,5161.6133,10953.39
national_geo,2021-03-21,mean,8744.581,4849.821,8574.23
national_geo,2021-03-21,ci_lo,8525.01,4539.658,8574.23
national_geo,2021-03-21,ci_hi,8964.951,5158.707,8574.23
national_geo,2021-03-28,mean,15670.597,4847.881,14958.05
national_geo,2021-03-28,ci_lo,15429.477,4542.1978,14958.05
national_geo,2021-03-28,ci_hi,15909.33,5152.4043,14958.05
national_geo,2021-04-04,mean,13691.82,4845.6914,13543.21
national_geo,2021-04-04,ci_lo,13450.457,4540.772,13543.21
national_geo,2021-04-04,ci_hi,13925.904,5149.1475,13543.21
national_geo,2021-04-11,mean,13966.314,4843.3623,13867.08
national_geo,2021-04-11,ci_lo,13701.536,4536.862,13867.08
national_geo,2021-04-11,ci_hi,14224.163,5148.554,13867.08
national_geo,2021-04-18,mean,13975.722,4840.9604,13854.92
national_geo,2021-04-18,ci_lo,13729.254,4533.0303,13854.92
national_geo,2021-04-18,ci_hi,14222.801,5146.559,13854.92
national_geo,2021-04-25,mean,10227.66,4838.5894,10895.22
national_geo,2021-04-25,ci_lo,9988.825,4529.2046,10895.22
national_geo,2021-04-25,ci_hi,10460.353,5143.812,10895.22
national_geo,2021-05-02,mean,8367.162,4836.3296,7854.4
national_geo,2021-05-02,ci_lo,8144.1387,4525.348,7854.4
national_geo,2021-05-02,ci_hi,8587.581,5142.1904,7854.4
national_geo,2021-05-09,mean,7890.1265,4834.272,7405.54
national_geo,2021-05-09,ci_lo,7658.9053,4519.965,7405.54
national_geo,2021-05-09,ci_hi,8116.5303,5138.7437,7405.54
national_geo,2021-05-16,mean,7535.241,4832.5034,7705.26
national_geo,2021-05-16,ci_lo,7265.6787,4517.4487,7705.26
national_geo,2021-05-16,ci_hi,7787.9106,5136.5215,7705.26
national_geo,2021-05-23,mean,10578.046,4831.1025,10888.41
national_geo,2021-05-23,ci_lo,10345.352,4512.075,10888.41
national_geo,2021-05-23,ci_hi,10804.747,5139.8726,10888.41
national_geo,2021-05-30,mean,7972.198,4830.136,7715.63
national_geo,2021-05-30,ci_lo,7723.501,4505.514,7715.63
national_geo,2021-05-30,ci_hi,8219.024,5144.634,7715.63
national_geo,2021-06-06,mean,10760.824,4829.6953,10581.72
national_geo,2021-06-06,ci_lo,10498.939,4493.6523,10581.72
national_geo,2021-06-06,ci_hi,11022.189,5152.399,10581.72
national_geo,2021-06-13,mean,10823.481,4829.804,11218.58
national_geo,2021-06-13,ci_lo,10522.866,4480.1807,11218.58
national_geo,2021-06-13,ci_hi,11120.408,5166.3706,11218.58
national_geo,2021-06-20,mean,12454.123,4830.544,12789.7
national_geo,2021-06-20,ci_lo,12117.071,4462.276,12789.7
national_geo,2021-06-20,ci_hi,12779.77,5185.516,12789.7
national_geo,2021-06-27,mean,9818.62,4811.862,9923.23
national_geo,2021-06-27,ci_lo,9554.765,4461.5654,9923.23
national_geo,2021-06-27,ci_hi,10079.606,5149.842,9923.23
national_geo,2021-07-04,mean,10206.731,4793.872,9781.83
national_geo,2021-07-04,ci_lo,9953.58,4447.7236,9781.83
national_geo,2021-07-04,ci_hi,10465.637,5117.1797,9781.83
national_geo,2021-07-11,mean,10714.687,4776.6025,11570.62
national_geo,2021-07-11,ci_lo,10469.561,4434.0674,11570.62
national_geo,2021-07-11,ci_hi,10954.423,5092.178,11570.62
national_geo,2021-07-18,mean,13113.38,4760.079,12294.54
national_geo,2021-07-18,ci_lo,12873.194,4425.2793,12294.54
national_geo,2021-07-18,ci_hi,13350.528,5073.1724,12294.54
national_geo,2021-07-25,mean,10516.645,4744.293,9745.9
national_geo,2021-07-25,ci_lo,10293.761,4409.43,9745.9
national_geo,2021-07-25,ci_hi,10743.958,5058.4995,9745.9
national_geo,2021-08-01,mean,11310.408,4729.2407,11918.41
national_geo,2021-08-01,ci_lo,11088.029,4391.2656,11918.41
national_geo,2021-08-01,ci_hi,11539.144,5050.0366,11918.41
national_geo,2021-08-08,mean,10835.77,4714.899,10983.4
national_geo,2021-08-08,ci_lo,10621.745,4376.925,10983.4
national_geo,2021-08-08,ci_hi,11049.052,5041.0767,10983.4
national_geo,2021-08-15,mean,9538.487,4701.2524,8944.74
national_geo,2021-08-15,ci_lo,9254.65,4362.4175,8944.74
national_geo,2021-08-15,ci_hi,9817.666,5031.448,8944.74
national_geo,2021-08-22,mean,13744.491,4688.2275,13131.49
national_geo,2021-08-22,ci_lo,13484.165,4344.7407,13131.49
national_geo,2021-08-22,ci_hi,13988.14,5023.2935,13131.49
national_geo,2021-08-29,mean,13349.021,4675.799,14669.4
national_geo,2021-08-29,ci_lo,13099.676,4327.928,14669.4
national_geo,2021-08-29,ci_hi,13587.68,5013.73,14669.4
national_geo,2021-09-05,mean,13681.576,4663.9194,13843.33
national_geo,2021-09-05,ci_lo,13390.692,4309.6226,13843.33
national_geo,2021-09-05,ci_hi,13957.035,5012.0312,13843.33
national_geo,2021-09-12,mean,13696.704,4652.513,14024.53
national_geo,2021-09-12,ci_lo,13447.474,4295.949,14024.53
national_geo,2021-09-12,ci_hi,13941.956,5006.869,14024.53
national_geo,2021-09-19,mean,13078.191,4641.498,13315.79
national_geo,2021-09-19,ci_lo,12835.234,4275.0293,13315.79
national_geo,2021-09-19,ci_hi,13321.78,4999.245,13315.79
national_geo,2021-09-26,mean,10219.261,4630.8027,10237.24
national_geo,2021-09-26,ci_lo,9942.038,4251.985,10237.24
national_geo,2021-09-26,ci_hi,10508.366,4992.593,10237.24
national_geo,2021-10-03,mean,9049.473,4620.3555,9030.17
national_geo,2021-10-03,ci_lo,8764.071,4230.925,9030.17
national_geo,2021-10-03,ci_hi,9324.845,4995.0303,9030.17
national_geo,2021-10-10,mean,15335.631,4610.0566,15904.11
national_geo,2021-10-10,ci_lo,15023.642,4205.5825,15904.11
national_geo,2021-10-10,ci_hi,15639.686,4998.506,15904.11
national_geo,2021-10-17,mean,12969.353,4599.8203,12839.29
national_geo,2021-10-17,ci_lo,12659.756,4176.8774,12839.29
national_geo,2021-10-17,ci_hi,13277.442,5003.6997,12839.29
national_geo,2021-10-24,mean,9237.772,4589.5605,9063.45
national_geo,2021-10-24,ci_lo,8886.238,4143.534,9063.45
national_geo,2021-10-24,ci_hi,9585.153,5021.3994,9063.45
national_geo,2021-10-31,mean,8003.04,4579.1724,7250.21
national_geo,2021-10-31,ci_lo,7614.6807,4107.097,7250.21
national_geo,2021-10-31,ci_hi,8379.093,5041.092,7250.21
