spend_multiplier,channel,incremental_outcome_ci_hi,incremental_outcome_ci_lo,incremental_outcome_mean,spend,weekly_spend
0.0,Facebook,0.0,0.0,0.0,0.0,0.0
0.0,Google Ads,0.0,0.0,0.0,0.0,0.0
0.0,TikTok,0.0,0.0,0.0,0.0,0.0
0.01,Facebook,5036.81396484375,3716.407470703125,4292.49560546875,4427.17,22.135849
0.01,Google Ads,8423.8232421875,5311.2890625,6520.0546875,3041.4458,15.207229
0.01,TikTok,7148.8203125,5926.7060546875,6517.94384765625,5892.415,29.462074
0.02,Facebook,10005.9951171875,7407.6025390625,8544.294921875,8854.34,44.271698
0.02,Google Ads,16662.39453125,10581.6044921875,12951.3916015625,6082.8916,30.414457
0.02,TikTok,14229.1142578125,11822.2734375,12986.4609375,11784.83,58.92415
0.03,Facebook,14910.0625,11072.8095703125,12756.1103515625,13281.51,66.40755
0.03,Google Ads,24716.109375,15810.3828125,19296.126953125,9124.338,45.62169
0.03,TikTok,21242.6171875,17678.724609375,19406.26953125,17677.244,88.38622
0.04,Facebook,19747.486328125,14716.1748046875,16928.599609375,17708.68,88.543396
0.04,Google Ads,32606.9140625,21004.052734375,25556.265625,12165.783,60.828915
0.04,TikTok,28184.560546875,23505.74609375,25778.068359375,23569.66,117.8483
0.05,Facebook,24515.9765625,18329.45703125,21062.37890625,22135.85,110.679245
0.05,Google Ads,40333.69140625,26146.02734375,31733.8203125,15207.2295,76.03615
0.05,TikTok,35066.74609375,29307.923828125,32102.369140625,29462.076,147.31038
0.06,Facebook,29227.958984375,21932.2578125,25158.20703125,26563.02,132.8151
0.06,Google Ads,47910.1796875,31244.4140625,37830.50390625,18248.676,91.24338
0.06,TikTok,41887.46875,35071.19921875,38380.0234375,35354.49,176.77245
0.07,Facebook,33885.65234375,25506.2578125,29216.607421875,30990.19,154.95094
0.07,Google Ads,55296.65234375,36325.44140625,43848.5234375,21290.121,106.45061
0.07,TikTok,48646.671875,40794.01171875,44611.6015625,41246.906,206.23453
0.08,Facebook,38456.7578125,29056.76171875,33238.22265625,35417.36,177.08679
0.08,Google Ads,62620.2109375,41356.4765625,49789.2265625,24331.566,121.65783
0.08,TikTok,55322.8046875,46479.91015625,50797.61328125,47139.32,235.6966
0.09,Facebook,42996.37890625,32580.888671875,37223.5546875,39844.53,199.22266
0.09,Google Ads,69693.71875,46350.35546875,55654.35546875,27373.014,136.86507
0.09,TikTok,61958.19921875,52129.546875,56938.9765625,53031.74,265.1587
0.1,Facebook,47466.9375,36091.29296875,41173.4296875,44271.7,221.35849
0.1,Google Ads,76687.09375,51311.19140625,61445.72265625,30414.459,152.0723
0.1,TikTok,68558.125,57749.22265625,63036.02734375,58924.152,294.62076
0.11,Facebook,51905.98828125,39560.69921875,45088.109375,48698.87,243.49435
0.11,Google Ads,83596.8515625,56224.46484375,67164.7890625,33455.906,167.27953
0.11,TikTok,75088.28125,63350.40625,69089.296875,64816.566,324.08282
0.12,Facebook,56289.7578125,43022.80078125,48968.296875,53126.04,265.6302
0.12,Google Ads,90389.203125,61104.75390625,72813.296875,36497.35,182.48676
0.12,TikTok,81553.390625,68930.5078125,75099.671875,70708.98,353.5449
0.13,Facebook,60629.73828125,46478.51171875,52814.67578125,57553.207,287.76602
0.13,Google Ads,97002.4609375,65953.921875,78392.3828125,39538.797,197.69398
0.13,TikTok,87970.1953125,74483.546875,81067.3984375,76601.39,383.00696
0.14,Facebook,64888.85546875,49880.66015625,56627.46875,61980.38,309.9019
0.14,Google Ads,103490.0546875,70748.203125,83903.7734375,42580.242,212.90121
0.14,TikTok,94322.1328125,79987.0703125,86993.015625,82493.81,412.46906
0.15,Facebook,69119.40625,53281.04296875,60407.28515625,66407.555,332.03778
0.15,Google Ads,109836.1953125,75514.5078125,89348.34375,45621.69,228.10846
0.15,TikTok,100624.3828125,85437.1796875,92877.5546875,88386.23,441.93112
0.16,Facebook,73303.46875,56663.6875,64154.984375,70834.72,354.17358
0.16,Google Ads,116122.3203125,80266.3046875,94728.4296875,48663.133,243.31566
0.16,TikTok,106885.3671875,90907.7421875,98720.9375,94278.64,471.3932
0.17,Facebook,77422.640625,60019.0859375,67870.5390625,75261.89,376.30945
0.17,Google Ads,122342.015625,84981.28125,100044.3828125,51704.582,258.52292
0.17,TikTok,113058.9765625,96309.40625,104524.0390625,100171.055,500.8553
0.18,Facebook,81483.21875,63359.0859375,71554.6796875,79689.06,398.4453
0.18,Google Ads,128435.65625,89633.2109375,105297.8984375,54746.027,273.73013
0.18,TikTok,119212.734375,101667.5390625,110287.4921875,106063.48,530.3174
0.19,Facebook,85481.40625,66674.703125,75207.7734375,84116.23,420.58115
0.19,Google Ads,134349.515625,94278.125,110490.359375,57787.473,288.93738
0.19,TikTok,125307.78125,107023.484375,116011.46875,111955.88,559.7794
0.2,Facebook,89432.3984375,69956.78125,78830.4453125,88543.4,442.71698
0.2,Google Ads,140082.421875,98882.8125,115622.5859375,60828.918,304.1446
0.2,TikTok,131362.171875,112377.1328125,121696.4453125,117848.305,589.2415
0.21,Facebook,93385.6171875,73197.890625,82423.1875,92970.57,464.85284
0.21,Google Ads,145808.984375,103457.65625,120695.7109375,63870.363,319.3518
0.21,TikTok,137369.828125,117645.4921875,127343.015625,123740.71,618.70355
0.22,Facebook,97265.0,76433.5078125,85986.0390625,97397.74,486.9887
0.22,Google Ads,151467.984375,108001.609375,125711.1875,66911.81,334.55905
0.22,TikTok,143348.921875,122880.34375,132952.078125,129633.13,648.16565
0.23,Facebook,101097.296875,79665.9921875,89519.7734375,101824.914,509.12457
0.23,Google Ads,156958.625,112410.5859375,130669.9375,69953.26,349.7663
0.23,TikTok,149255.71875,128117.140625,138523.40625,135525.55,677.62775
0.24,Facebook,104857.03125,82859.8828125,93024.984375,106252.08,531.2604
0.24,Google Ads,162370.515625,116870.2109375,135572.96875,72994.7,364.9735
0.24,TikTok,155136.859375,133308.484375,144057.84375,141417.95,707.0898
0.25,Facebook,108684.34375,86066.1484375,96501.671875,110679.25,553.39624
0.25,Google Ads,167728.15625,121276.203125,140421.484375,76036.15,380.18076
0.25,TikTok,160907.953125,138543.9375,149555.765625,147310.38,736.5519
0.26,Facebook,112366.4765625,89209.609375,99950.3828125,115106.414,575.53204
0.26,Google Ads,172999.765625,125687.8984375,145216.5,79077.59,395.38797
0.26,TikTok,166731.8125,143725.671875,155017.765625,153202.78,766.0139
0.27,Facebook,116043.3828125,92344.8046875,103371.6328125,119533.59,597.66797
0.27,Google Ads,178218.140625,130050.2109375,149958.640625,82119.05,410.59525
0.27,TikTok,172502.609375,148892.0,160443.734375,159095.22,795.4761
0.28,Facebook,119706.84375,95478.6640625,106765.5859375,123960.76,619.8038
0.28,Google Ads,183359.59375,134359.140625,154649.28125,85160.484,425.80243
0.28,TikTok,178165.953125,153999.515625,165834.421875,164987.62,824.9381
0.29,Facebook,123269.390625,98594.0546875,110133.0,128387.93,641.93964
0.29,Google Ads,188533.234375,138656.46875,159289.5625,88201.93,441.00964
0.29,TikTok,183778.359375,159015.53125,171191.21875,170880.03,854.40015
0.3,Facebook,126822.1171875,101716.625,113473.7734375,132815.11,664.07556
0.3,Google Ads,193541.875,142925.53125,163879.296875,91243.38,456.21692
0.3,TikTok,189357.875,164078.0625,176512.65625,176772.45,883.86224
0.31,Facebook,130404.515625,104779.390625,116788.671875,137242.27,686.2113
0.31,Google Ads,198393.125,147187.78125,168420.34375,94284.83,471.42413
0.31,TikTok,194919.578125,169136.125,181800.5625,182664.86,913.3243
0.32,Facebook,133943.453125,107845.9609375,120077.5546875,141669.44,708.34717
0.32,Google Ads,203172.078125,151419.578125,172913.171875,97326.266,486.63132
0.32,TikTok,200421.546875,174123.546875,187054.984375,188557.28,942.7864
0.33,Facebook,137453.46875,110927.015625,123341.3671875,146096.61,730.48303
0.33,Google Ads,207825.765625,155586.703125,177359.1875,100367.72,501.8386
0.33,TikTok,205860.109375,179105.765625,192276.03125,194449.7,972.24854
0.34,Facebook,140951.265625,113972.5703125,126579.8984375,150523.78,752.6189
0.34,Google Ads,212659.46875,159724.328125,181758.421875,103409.164,517.04584
0.34,TikTok,211275.859375,184063.0625,197463.90625,200342.11,1001.7106
0.35000000000000003,Facebook,144368.109375,117005.28125,129794.2578125,154950.95,774.75476
0.35000000000000003,Google Ads,217010.6875,163868.0,186112.21875,106450.61,532.25305
0.35000000000000003,TikTok,216695.859375,189005.703125,202619.84375,206234.52,1031.1726
0.36,Facebook,147775.8125,120022.2265625,132983.984375,159378.12,796.8906
0.36,Google Ads,221455.625,167969.8125,190420.484375,109492.055,547.46027
0.36,TikTok,222088.515625,193899.8125,207744.0625,212126.95,1060.6348
0.37,Facebook,151153.8125,122957.0703125,136149.703125,163805.3,819.0265
0.37,Google Ads,225855.515625,172062.09375,194685.296875,112533.5,562.6675
0.37,TikTok,227364.515625,198738.828125,212835.90625,218019.36,1090.0968
0.38,Facebook,154400.015625,125893.0546875,139291.75,168232.45,841.1623
0.38,Google Ads,230274.4375,176038.03125,198906.734375,115574.945,577.87476
0.38,TikTok,232662.625,203583.609375,217896.65625,223911.77,1119.5588
0.39,Facebook,157733.953125,128900.9140625,142410.453125,172659.62,863.2981
0.39,Google Ads,234639.4375,180010.9375,203085.296875,118616.39,593.082
0.39,TikTok,237906.59375,208388.15625,222926.078125,229804.17,1149.0209
0.4,Facebook,160948.484375,131866.78125,145506.046875,177086.8,885.43396
0.4,Google Ads,238835.90625,183928.90625,207221.546875,121657.836,608.2892
0.4,TikTok,243153.703125,213159.28125,227925.25,235696.61,1178.483
0.41000000000000003,Facebook,164145.078125,134718.90625,148578.9375,181513.97,907.5698
0.41000000000000003,Google Ads,243096.0,187784.71875,211316.53125,124699.28,623.4964
0.41000000000000003,TikTok,248291.171875,217878.9375,232893.453125,241589.02,1207.9451
0.42,Facebook,167243.84375,137597.34375,151629.265625,185941.14,929.7057
0.42,Google Ads,247295.203125,191642.15625,215371.40625,127740.73,638.7036
0.42,TikTok,253442.71875,222631.828125,237832.53125,247481.42,1237.4071
0.43,Facebook,170470.0,140425.453125,154657.484375,190368.31,951.84155
0.43,Google Ads,251470.625,195444.859375,219386.015625,130782.18,653.9109
0.43,TikTok,258594.75,227366.203125,242741.984375,253373.84,1266.8693
0.44,Facebook,173688.578125,143267.984375,157663.84375,194795.48,973.9774
0.44,Google Ads,255624.28125,199253.578125,223361.703125,133823.62,669.1181
0.44,TikTok,263680.75,232036.25,247621.765625,259266.27,1296.3313
0.45,Facebook,176714.109375,146067.9375,160648.3125,199222.64,996.1132
0.45,Google Ads,259546.453125,203023.109375,227298.046875,136865.06,684.3253
0.45,TikTok,268716.84375,236617.53125,252472.390625,265158.66,1325.7933
0.46,Facebook,179830.15625,148877.140625,163611.6875,203649.83,1018.24915
0.46,Google Ads,263436.84375,206783.375,231197.09375,139906.52,699.5326
0.46,TikTok,273710.9375,241222.6875,257294.875,271051.1,1355.2555
0.47000000000000003,Facebook,182912.515625,151609.796875,166553.609375,208076.98,1040.3849
0.47000000000000003,Google Ads,267434.875,210589.15625,235057.9375,142947.95,714.73975
0.47000000000000003,TikTok,278669.4375,245725.796875,262088.390625,276943.5,1384.7175
0.48,Facebook,185941.125,154378.734375,169475.140625,212504.16,1062.5208
0.48,Google Ads,271315.40625,214340.203125,238881.84375,145989.4,729.947
0.48,TikTok,283591.34375,250388.953125,266854.1875,282835.9,1414.1796
0.49,Facebook,188988.28125,157157.75,172375.703125,216931.33,1084.6566
0.49,Google Ads,275117.78125,217953.671875,242669.8125,149030.86,745.1543
0.49,TikTok,288558.28125,254881.75,271591.375,288728.34,1443.6417
0.5,Facebook,191987.515625,159916.28125,175256.203125,221358.5,1106.7925
0.5,Google Ads,278787.15625,221584.5,246421.875,152072.3,760.3615
0.5,TikTok,293420.15625,259405.921875,276302.25,294620.75,1473.1038
0.51,Facebook,194868.234375,162659.875,178116.296875,225785.67,1128.9283
0.51,Google Ads,282189.125,225237.375,250138.953125,155113.73,775.56866
0.51,TikTok,298302.34375,263889.1875,280985.28125,300513.16,1502.5658
0.52,Facebook,197785.0625,165313.828125,180957.03125,230212.83,1151.0641
0.52,Google Ads,285580.75,228814.546875,253821.21875,158155.19,790.77594
0.52,TikTok,303012.09375,268416.09375,285641.3125,306405.56,1532.0278
0.53,Facebook,200706.09375,168026.078125,183777.9375,234640.0,1173.2
0.53,Google Ads,289437.65625,232342.65625,257469.3125,161196.62,805.98315
0.53,TikTok,307929.875,272882.125,290271.375,312297.97,1561.4899
0.54,Facebook,203625.203125,170691.078125,186579.9375,239067.19,1195.3359
0.54,Google Ads,293042.03125,235866.484375,261083.53125,164238.1,821.1905
0.54,TikTok,312719.1875,277355.25,294874.53125,318190.44,1590.9521
0.55,Facebook,206457.453125,173395.40625,189362.1875,243494.36,1217.4718
0.55,Google Ads,296625.6875,239461.890625,264664.84375,167279.53,836.39764
0.55,TikTok,317523.6875,281777.78125,299452.03125,324082.84,1620.4142
0.56,Facebook,209385.0625,175980.296875,192126.0625,247921.52,1239.6075
0.56,Google Ads,300048.21875,242956.421875,268212.8125,170320.97,851.60486
0.56,TikTok,322228.90625,286223.5,304003.28125,329975.25,1649.8762
0.5700000000000001,Facebook,212279.265625,178624.0,194871.21875,252348.69,1261.7434
0.5700000000000001,Google Ads,303520.625,246340.96875,271729.5,173362.42,866.81213
0.5700000000000001,TikTok,327013.375,290556.84375,308528.78125,335867.66,1679.3383
0.58,Facebook,215044.796875,181251.890625,197597.453125,256775.86,1283.8793
0.58,Google Ads,307068.5,249794.28125,275214.15625,176403.86,882.0193
0.58,TikTok,331632.8125,294828.375,313029.25,341760.06,1708.8003
0.59,Facebook,217852.5,183794.015625,200306.25,261203.02,1306.0151
0.59,Google Ads,310341.21875,253204.765625,278667.46875,179445.3,897.2265
0.59,TikTok,336194.5625,299025.25,317504.78125,347652.47,1738.2623
0.6,Facebook,220586.796875,186385.484375,202996.203125,265630.22,1328.1511
0.6,Google Ads,313714.8125,256531.203125,282090.21875,182486.77,912.43384
0.6,TikTok,340751.375,303269.96875,321955.625,353544.9,1767.7245
0.61,Facebook,223394.984375,188968.90625,205668.28125,270057.38,1350.2869
0.61,Google Ads,316864.46875,259952.5625,285481.75,185528.2,927.641
0.61,TikTok,345274.625,307577.59375,326382.4375,359437.3,1797.1865
0.62,Facebook,226177.625,191425.375,208323.421875,274484.53,1372.4226
0.62,Google Ads,320256.375,263307.625,288843.71875,188569.66,942.84827
0.62,TikTok,349773.3125,311799.71875,330784.15625,365329.72,1826.6486
0.63,Facebook,228850.296875,193941.015625,210960.5625,278911.72,1394.5586
0.63,Google Ads,323522.0,266525.6875,292176.0625,191611.1,958.0555
0.63,TikTok,354342.90625,316034.0625,335162.0625,371222.16,1856.1108
0.64,Facebook,231503.21875,196415.421875,213581.328125,283338.88,1416.6943
0.64,Google Ads,326588.09375,269793.0,295479.90625,194652.53,973.26263
0.64,TikTok,358867.15625,320207.84375,339516.375,377114.56,1885.5728
0.65,Facebook,234183.8125,198898.03125,216184.9375,287766.03,1438.8302
0.65,Google Ads,329794.9375,273126.375,298754.34375,197693.98,988.4699
0.65,TikTok,363268.1875,324336.78125,343845.96875,383006.97,1915.0348
0.66,Facebook,236835.703125,201389.78125,218771.0625,292193.22,1460.9661
0.66,Google Ads,333020.8125,276269.875,302001.1875,200735.44,1003.6772
0.66,TikTok,367688.0,328535.625,348153.5625,388899.4,1944.4971
0.67,Facebook,239533.5625,203902.78125,221340.828125,296620.4,1483.102
0.67,Google Ads,336261.65625,279482.75,305219.90625,203776.89,1018.88446
0.67,TikTok,372003.59375,332768.25,352436.96875,394791.8,1973.9591
0.68,Facebook,242054.0625,206388.40625,223894.46875,301047.56,1505.2378
0.68,Google Ads,339704.4375,282664.46875,308410.46875,206818.33,1034.0917
0.68,TikTok,376330.375,336787.5,356699.375,400684.22,2003.4211
0.6900000000000001,Facebook,244709.609375,208796.46875,226431.40625,305474.72,1527.3735
0.6900000000000001,Google Ads,342639.875,285848.875,311574.5,209859.77,1049.2988
0.6900000000000001,TikTok,380782.90625,340880.1875,360937.28125,406576.62,2032.8832
0.7000000000000001,Facebook,247309.90625,211193.15625,228952.25,309901.9,1549.5095
0.7000000000000001,Google Ads,345782.5625,288999.6875,314711.15625,212901.22,1064.5061
0.7000000000000001,TikTok,385135.5,345038.53125,365153.40625,412469.03,2062.3452
0.71,Facebook,249927.28125,213484.5625,231458.171875,314329.06,1571.6453
0.71,Google Ads,348935.375,292136.59375,317821.8125,215942.66,1079.7133
0.71,TikTok,389597.96875,349094.84375,369347.0625,418361.44,2091.8071
0.72,Facebook,252553.265625,215755.328125,233947.171875,318756.25,1593.7812
0.72,Google Ads,351926.0,295216.90625,320907.28125,218984.11,1094.9205
0.72,TikTok,393903.59375,353053.28125,373519.1875,424253.9,2121.2695
0.73,Facebook,255164.25,217986.28125,236420.828125,323183.4,1615.917
0.73,Google Ads,355272.6875,298273.71875,323965.96875,222025.56,1110.1278
0.73,TikTok,398353.46875,357020.90625,377668.875,430146.3,2150.7314
0.74,Facebook,257714.484375,220263.015625,238879.703125,327610.6,1638.053
0.74,Google Ads,358307.1875,301241.125,326999.1875,225067.0,1125.335
0.74,TikTok,402643.875,360983.1875,381797.15625,436038.72,2180.1936
0.75,Facebook,260204.078125,222561.703125,241323.203125,332037.75,1660.1887
0.75,Google Ads,361061.03125,304246.28125,330007.5,228108.44,1140.5422
0.75,TikTok,407002.1875,364967.125,385903.3125,441931.12,2209.6555
0.76,Facebook,262754.9375,224832.171875,243751.359375,336464.9,1682.3246
0.76,Google Ads,363834.8125,307151.40625,332991.71875,231149.89,1155.7495
0.76,TikTok,411194.46875,368885.625,389989.4375,447823.53,2239.1177
0.77,Facebook,265296.59375,227214.609375,246165.078125,340892.1,1704.4604
0.77,Google Ads,366711.46875,310095.1875,335951.0625,234191.33,1170.9567
0.77,TikTok,415444.375,372743.28125,394054.46875,453715.94,2268.5796
0.78,Facebook,267919.03125,229538.6875,248563.453125,345319.25,1726.5962
0.78,Google Ads,369557.125,312976.90625,338886.375,237232.78,1186.164
0.78,TikTok,419677.75,376649.40625,398097.125,459608.34,2298.0417
0.79,Facebook,270493.71875,231778.46875,250948.109375,349746.44,1748.7322
0.79,Google Ads,372488.65625,315794.28125,341797.53125,240274.23,1201.3712
0.79,TikTok,423794.8125,380558.34375,402121.34375,465500.8,2327.5042
0.8,Facebook,272906.59375,233940.390625,253317.625,354173.6,1770.8679
0.8,Google Ads,375364.25,318669.90625,344685.34375,243315.67,1216.5784
0.8,TikTok,427993.5,384478.28125,406123.96875,471393.22,2356.966
0.81,Facebook,275333.40625,236223.875,255673.265625,358600.78,1793.0039
0.81,Google Ads,378364.625,321517.6875,347550.28125,246357.12,1231.7856
0.81,TikTok,432065.0,388320.59375,410106.75,477285.62,2386.4282
0.8200000000000001,Facebook,277774.21875,238382.25,258014.796875,363027.94,1815.1396
0.8200000000000001,Google Ads,381362.375,324367.84375,350392.21875,249398.56,1246.9928
0.8200000000000001,TikTok,436107.46875,392196.15625,414069.1875,483178.03,2415.8901
0.8300000000000001,Facebook,280136.53125,240539.0,260341.5,367455.1,1837.2755
0.8300000000000001,Google Ads,384181.90625,327189.84375,353212.0625,252440.0,1262.2
0.8300000000000001,TikTok,440116.40625,396012.3125,418011.5625,489070.44,2445.3523
0.84,Facebook,282590.4375,242885.53125,262655.375,371882.28,1859.4114
0.84,Google Ads,387091.875,329876.0625,356009.125,255481.45,1277.4072
0.84,TikTok,444200.46875,399785.25,421934.375,494962.84,2474.8142
0.85,Facebook,285018.84375,245028.734375,264955.46875,376309.47,1881.5474
0.85,Google Ads,389978.03125,332565.84375,358784.46875,258522.9,1292.6145
0.85,TikTok,448296.21875,403521.65625,425837.8125,500855.28,2504.2764
0.86,Facebook,287435.34375,247128.296875,267241.9375,380736.62,1903.6831
0.86,Google Ads,392803.875,335303.1875,361537.375,261564.36,1307.8218
0.86,TikTok,452273.125,407241.75,429722.125,506747.7,2533.7385
0.87,Facebook,289910.625,249198.46875,269514.1875,385163.78,1925.8188
0.87,Google Ads,395737.8125,337959.5625,364269.375,264605.8,1323.029
0.87,TikTok,456315.75,410966.78125,433586.5,512640.1,2563.2004
0.88,Facebook,292230.59375,251347.453125,271774.59375,389590.97,1947.9548
0.88,Google Ads,398242.5625,340622.125,366979.875,267647.25,1338.2362
0.88,TikTok,460276.5,414619.28125,437432.1875,518532.53,2592.6626
0.89,Facebook,294679.46875,253390.875,274021.40625,394018.12,1970.0906
0.89,Google Ads,401212.03125,343285.65625,369670.1875,270688.7,1353.4435
0.89,TikTok,464221.65625,418361.5,441259.71875,524424.94,2622.1248
0.9,Facebook,297042.71875,255486.625,276254.78125,398445.28,1992.2264
0.9,Google Ads,403931.375,345821.8125,372339.8125,273730.12,1368.6506
0.9,TikTok,468145.375,422138.40625,445067.9375,530317.3,2651.5867
0.91,Facebook,299383.09375,257560.953125,278475.40625,402872.47,2014.3623
0.91,Google Ads,406698.625,348354.15625,374988.15625,276771.6,1383.8579
0.91,TikTok,472137.0625,425872.5625,448857.84375,536209.75,2681.0488
0.92,Facebook,301722.03125,259535.125,280684.03125,407299.66,2036.4983
0.92,Google Ads,409285.71875,350935.75,377616.59375,279813.03,1399.0652
0.92,TikTok,476008.59375,429438.75,452628.75,542102.2,2710.511
0.93,Facebook,304040.3125,261574.3125,282879.21875,411726.8,2058.634
0.93,Google Ads,412103.84375,353459.625,380225.25,282854.47,1414.2723
0.93,TikTok,479868.625,432975.75,456382.28125,547994.6,2739.9731
0.9400000000000001,Facebook,306366.125,263664.75,285062.53125,416153.97,2080.7698
0.9400000000000001,Google Ads,414590.40625,355862.34375,382814.40625,285895.9,1429.4795
0.9400000000000001,TikTok,483853.3125,436596.3125,460117.25,553887.0,2769.435
0.9500000000000001,Facebook,308640.5,265760.125,287232.625,420581.16,2102.9058
0.9500000000000001,Google Ads,417166.46875,358240.28125,385384.1875,288937.38,1444.6869
0.9500000000000001,TikTok,487761.28125,440104.1875,463834.09375,559779.44,2798.8972
0.96,Facebook,310880.625,267838.0625,289390.9375,425008.3,2125.0415
0.96,Google Ads,419733.5,360614.9375,387933.25,291978.8,1459.894
0.96,TikTok,491637.90625,443712.5625,467534.75,565671.8,2828.3591
0.97,Facebook,313011.1875,269777.28125,291537.125,429435.5,2147.1775
0.97,Google Ads,422226.0,363011.4375,390465.125,295020.25,1475.1012
0.97,TikTok,495450.25,447293.3125,471216.71875,571564.25,2857.8213
0.98,Facebook,315287.75,271705.96875,293671.40625,433862.66,2169.3132
0.98,Google Ads,424819.40625,365499.375,392977.84375,298061.72,1490.3086
0.98,TikTok,499268.8125,450878.53125,474880.96875,577456.7,2887.2834
0.99,Facebook,317578.4375,273653.75,295793.3125,438289.84,2191.4492
0.99,Google Ads,427309.84375,367940.1875,395471.75,301103.16,1505.5157
0.99,TikTok,503058.40625,454395.65625,478528.5,583349.06,2916.7454
1.0,Facebook,319832.46875,275621.5,297904.1875,442717.0,2213.585
1.0,Google Ads,429687.0625,370264.28125,397946.8125,304144.6,1520.723
1.0,TikTok,506899.625,457890.6875,482158.375,589241.5,2946.2075
1.01,Facebook,322049.34375,277449.5625,300003.1875,447144.16,2235.7207
1.01,Google Ads,432367.03125,372561.59375,400404.78125,307186.03,1535.9302
1.01,TikTok,510744.84375,461396.125,485771.0,595133.94,2975.6697
1.02,Facebook,324238.90625,279402.84375,302090.59375,451571.34,2257.8567
1.02,Google Ads,434978.15625,374811.0625,402845.0625,310227.47,1551.1373
1.02,TikTok,514620.0,464816.25,489368.75,601026.3,3005.1316
1.03,Facebook,326338.25,281348.84375,304166.0625,455998.5,2279.9924
1.03,Google Ads,437523.875,377063.3125,405266.1875,313268.94,1566.3447
1.03,TikTok,518324.375,468229.0625,492947.8125,606918.75,3034.5938
1.04,Facebook,328450.1875,283186.75,306231.875,460425.66,2302.1282
1.04,Google Ads,439912.46875,379247.03125,407670.03125,316310.38,1581.5519
1.04,TikTok,522029.46875,471514.25,496510.0625,612811.1,3064.0557
1.05,Facebook,330796.65625,285066.6875,308284.53125,464852.84,2324.2642
1.05,Google Ads,442513.9375,381431.6875,410056.96875,319351.8,1596.759
1.05,TikTok,525647.6875,474904.59375,500058.09375,618703.56,3093.5178
1.06,Facebook,332983.71875,286993.21875,310327.0625,469280.0,2346.4
1.06,Google Ads,445003.96875,383608.5625,412427.03125,322393.25,1611.9663
1.06,TikTok,529334.75,478306.15625,503587.53125,624595.94,3122.9797
1.07,Facebook,335266.375,288906.28125,312358.90625,473707.22,2368.5361
1.07,Google Ads,447447.125,385760.09375,414780.0,325434.72,1627.1736
1.07,TikTok,533049.5,481695.25,507102.09375,630488.44,3152.4421
1.08,Facebook,337380.3125,290814.125,314378.59375,478134.38,2390.6719
1.08,Google Ads,449841.125,387863.65625,417116.03125,328476.2,1642.381
1.08,TikTok,536786.875,485033.5625,510600.34375,636380.9,3181.9043
1.09,Facebook,339487.53125,292654.90625,316388.59375,482561.53,2412.8076
1.09,Google Ads,452444.4375,389890.46875,419435.875,331517.62,1657.5881
1.09,TikTok,540429.1875,488359.84375,514082.40625,642273.25,3211.3662
1.1,Facebook,341683.8125,294533.78125,318387.875,486988.72,2434.9436
1.1,Google Ads,454978.4375,392034.9375,421739.09375,334559.06,1672.7953
1.1,TikTok,544041.9375,491679.15625,517549.6875,648165.7,3240.8284
1.11,Facebook,343880.5625,296319.71875,320375.4375,491415.88,2457.0793
1.11,Google Ads,457497.84375,394046.59375,424025.78125,337600.5,1688.0024
1.11,TikTok,547584.1875,494830.5625,521000.0625,654058.06,3270.2903
1.12,Facebook,345963.90625,298145.59375,322353.90625,495843.03,2479.215
1.12,Google Ads,460066.0625,396038.5625,426297.25,340641.94,1703.2097
1.12,TikTok,551206.625,498243.0,524435.5,659950.5,3299.7524
1.1300000000000001,Facebook,348017.59375,299923.5625,324321.8125,500270.22,2501.351
1.1300000000000001,Google Ads,462621.71875,398072.0625,428552.03125,343683.38,1718.4169
1.1300000000000001,TikTok,554693.875,501454.3125,527856.125,665842.9,3329.2144
1.1400000000000001,Facebook,350038.0625,301769.875,326279.03125,504697.38,2523.4868
1.1400000000000001,Google Ads,465159.84375,400060.875,430792.21875,346724.84,1733.6243
1.1400000000000001,TikTok,558329.25,504734.875,531260.875,671735.3,3358.6765
1.1500000000000001,Facebook,351965.5,303566.875,328225.5,509124.53,2545.6226
1.1500000000000001,Google Ads,467681.03125,401870.15625,433015.4375,349766.28,1748.8314
1.1500000000000001,TikTok,561855.25,507940.09375,534649.1875,677627.7,3388.1384
1.16,Facebook,354066.40625,305357.59375,330162.53125,513551.72,2567.7585
1.16,Google Ads,470117.84375,403711.46875,435225.15625,352807.72,1764.0386
1.16,TikTok,565420.25,511120.21875,538025.5,683520.1,3417.6006
1.17,Facebook,356169.84375,307112.90625,332089.5625,517978.88,2589.8943
1.17,Google Ads,472674.6875,405653.53125,437418.4375,355849.16,1779.2457
1.17,TikTok,568942.1875,514297.78125,541383.4375,689412.5,3447.0625
1.18,Facebook,358305.3125,308889.84375,334006.53125,522406.03,2612.0303
1.18,Google Ads,475152.0625,407578.71875,439596.84375,358890.6,1794.453
1.18,TikTok,572357.3125,517459.90625,544729.0625,695304.94,3476.5247
1.19,Facebook,360368.40625,310501.40625,335912.90625,526833.25,2634.1663
1.19,Google Ads,477614.71875,409329.15625,441761.46875,361932.1,1809.6605
1.19,TikTok,575893.8125,520638.0625,548059.375,701197.44,3505.9873
1.2,Facebook,362475.03125,312254.5,337810.875,531260.44,2656.3022
1.2,Google Ads,480048.3125,411164.09375,443910.71875,364973.53,1824.8677
1.2,TikTok,579308.875,523707.84375,551375.3125,707089.8,3535.449
1.21,Facebook,364561.5625,313911.34375,339698.75,535687.56,2678.4377
1.21,Google Ads,482602.28125,412926.8125,446045.3125,368014.97,1840.0748
1.21,TikTok,582872.1875,526761.5625,554676.125,712982.25,3564.9111
1.22,Facebook,366641.46875,315508.875,341576.25,540114.75,2700.5737
1.22,Google Ads,484986.875,414596.3125,448166.0625,371056.4,1855.282
1.22,TikTok,586424.9375,529881.3125,557964.25,718874.6,3594.373
1.23,Facebook,368712.875,317166.84375,343445.375,544541.94,2722.7097
1.23,Google Ads,487414.0625,416254.71875,450271.53125,374097.84,1870.4893
1.23,TikTok,589947.1875,533048.125,561235.4375,724767.06,3623.8352
1.24,Facebook,370870.4375,318847.84375,345304.0625,548969.06,2744.8452
1.24,Google Ads,489872.5625,418067.4375,452364.5625,377139.3,1885.6965
1.24,TikTok,593365.75,536153.9375,564494.4375,730659.44,3653.297
1.25,Facebook,372975.375,320557.6875,347154.40625,553396.25,2766.9812
1.25,Google Ads,492225.71875,419835.1875,454442.5625,380180.75,1900.9038
1.25,TikTok,596689.125,539227.125,567739.4375,736551.9,3682.7593
1.26,Facebook,374915.65625,322206.625,348994.84375,557823.44,2789.1172
1.26,Google Ads,494622.6875,421601.4375,456507.03125,383222.2,1916.111
1.26,TikTok,600232.625,542300.3125,570970.1875,742444.3,3712.2217
1.27,Facebook,377024.4375,323881.34375,350826.375,562250.56,2811.253
1.27,Google Ads,496842.5,423400.0,458557.8125,386263.62,1931.3181
1.27,TikTok,603675.875,545333.125,574186.125,748336.7,3741.6833
1.28,Facebook,379103.03125,325546.0625,352648.03125,566677.75,2833.3887
1.28,Google Ads,499385.9375,425106.125,460594.5625,389305.06,1946.5253
1.28,TikTok,607047.125,548415.625,577389.875,754229.1,3771.1455
1.29,Facebook,381112.0,327127.90625,354461.25,571104.94,2855.5247
1.29,Google Ads,501716.625,426803.9375,462619.03125,392346.5,1961.7325
1.29,TikTok,610491.5625,551459.125,580579.875,760121.5,3800.6074
1.3,Facebook,383098.03125,328812.71875,356265.78125,575532.06,2877.6604
1.3,Google Ads,503997.90625,428405.96875,464630.09375,395387.97,1976.9398
1.3,TikTok,613956.9375,554523.1875,583755.8125,766013.94,3830.0696
1.31,Facebook,385051.71875,330534.90625,358061.21875,579959.25,2899.7961
1.31,Google Ads,506158.90625,430091.71875,466627.96875,398429.4,1992.147
1.31,TikTok,617326.0,557446.6875,586918.5,771906.3,3859.5315
1.32,Facebook,386984.21875,332132.53125,359848.5625,584386.44,2921.9321
1.32,Google Ads,508349.875,431774.625,468613.0625,401470.88,2007.3544
1.32,TikTok,620767.875,560334.0625,590068.125,777798.8,3888.9941
1.33,Facebook,388909.6875,333816.53125,361626.09375,588813.6,2944.068
1.33,Google Ads,510625.0625,433374.71875,470584.71875,404512.3,2022.5615
1.33,TikTok,624097.5625,563348.9375,593204.375,783691.25,3918.4563
1.34,Facebook,390863.8125,335361.71875,363395.59375,593240.8,2966.204
1.34,Google Ads,512852.09375,435043.90625,472544.5,407553.78,2037.7689
1.34,TikTok,627395.9375,566274.9375,596328.25,789583.6,3947.9182
1.35,Facebook,392921.8125,336800.0625,365156.75,597667.94,2988.3396
1.35,Google Ads,515282.03125,436613.5625,474491.625,410595.22,2052.976
1.35,TikTok,630739.0,569093.875,599438.625,795476.06,3977.3804
1.36,Facebook,394969.78125,338381.4375,366908.71875,602095.1,3010.4756
1.36,Google Ads,517608.0625,438191.59375,476424.875,413636.66,2068.1833
1.36,TikTok,634074.875,571904.5,602535.3125,801368.44,4006.8423
1.37,Facebook,396895.96875,339937.84375,368652.625,606522.3,3032.6116
1.37,Google Ads,519863.34375,439806.84375,478347.4375,416678.1,2083.3904
1.37,TikTok,637391.0625,574850.625,605620.8125,807260.9,4036.3044
1.3800000000000001,Facebook,398916.40625,341418.84375,370388.34375,610949.44,3054.747
1.3800000000000001,Google Ads,522060.90625,441255.40625,480257.78125,419719.53,2098.5977
1.3800000000000001,TikTok,640549.25,577738.8125,608691.75,813153.25,4065.7664
1.3900000000000001,Facebook,400888.1875,343020.46875,372115.0625,615376.6,3076.883
1.3900000000000001,Google Ads,524210.0625,442804.5625,482155.5625,422760.97,2113.805
1.3900000000000001,TikTok,643684.5625,580540.75,611751.375,819045.7,4095.2285
1.4000000000000001,Facebook,402870.25,344609.28125,373834.65625,619803.8,3099.019
1.4000000000000001,Google Ads,526339.25,444264.15625,484041.78125,425802.44,2129.0122
1.4000000000000001,TikTok,646858.0,583346.0625,614798.3125,824938.06,4124.6904
1.41,Facebook,404657.3125,346112.6875,375545.25,624230.94,3121.1548
1.41,Google Ads,528508.4375,445676.3125,485915.875,428843.88,2144.2195
1.41,TikTok,650041.875,586171.9375,617833.625,830830.5,4154.1523
1.42,Facebook,406461.21875,347560.28125,377248.5625,628658.1,3143.2905
1.42,Google Ads,530905.0,447214.03125,487778.71875,431885.3,2159.4265
1.42,TikTok,653311.375,589009.875,620854.875,836722.9,4183.6143
1.43,Facebook,408321.1875,349052.46875,378943.46875,633085.3,3165.4265
1.43,Google Ads,532981.6875,448659.40625,489629.0,434926.75,2174.6338
1.43,TikTok,656544.8125,591820.5625,623865.0,842615.3,4213.0767
1.44,Facebook,410221.09375,350429.96875,380629.96875,637512.5,3187.5625
1.44,Google Ads,535127.5625,450081.0,491468.875,437968.22,2189.841
1.44,TikTok,659796.0,594607.1875,626863.0625,848507.8,4242.539
1.45,Facebook,412109.15625,351837.53125,382308.34375,641939.7,3209.6985
1.45,Google Ads,537231.3125,451431.625,493297.375,441009.7,2205.0483
1.45,TikTok,662972.375,597468.5625,629850.0,854400.2,4272.001
1.46,Facebook,414139.09375,353392.78125,383980.28125,646366.8,3231.834
1.46,Google Ads,539454.125,452639.15625,495114.71875,444051.12,2220.2556
1.46,TikTok,666086.375,600342.1875,632822.8125,860292.6,4301.463
1.47,Facebook,415966.03125,354961.875,385643.15625,650794.0,3253.97
1.47,Google Ads,541729.125,454098.78125,496920.1875,447092.56,2235.463
1.47,TikTok,669333.6875,603083.5625,635784.25,866185.0,4330.925
1.48,Facebook,417799.09375,356487.5625,387299.59375,655221.2,3276.106
1.48,Google Ads,544101.8125,455430.5625,498714.8125,450134.0,2250.67
1.48,TikTok,672561.0625,605866.375,638733.875,872077.44,4360.387
1.49,Facebook,419621.65625,357852.375,388947.375,659648.3,3298.2415
1.49,Google Ads,546389.5625,456730.5,500497.59375,453175.44,2265.8772
1.49,TikTok,675604.3125,608533.875,641672.875,877969.8,4389.849
1.5,Facebook,421560.15625,359253.875,390588.25,664075.5,3320.3774
1.5,Google Ads,548625.3125,457911.03125,502271.6875,456216.88,2281.0845
1.5,TikTok,678686.1875,611204.0,644599.3125,883862.25,4419.311
1.51,Facebook,423336.125,360642.375,392220.8125,668502.7,3342.5134
1.51,Google Ads,550756.0,459310.65625,504033.03125,459258.34,2296.2917
1.51,TikTok,681852.9375,613894.9375,647515.5,889754.7,4448.7734
1.52,Facebook,425213.75,362040.125,393847.125,672929.8,3364.6492
1.52,Google Ads,552837.375,460598.3125,505784.96875,462299.78,2311.499
1.52,TikTok,684953.0625,616544.1875,650418.375,895647.06,4478.2354
1.53,Facebook,426950.15625,363459.875,395465.125,677357.0,3386.785
1.53,Google Ads,554922.0,461869.25,507526.4375,465341.22,2326.706
1.53,TikTok,688090.875,619212.6875,653310.5625,901539.5,4507.6973
1.54,Facebook,428764.3125,364887.53125,397075.9375,681784.2,3408.921
1.54,Google Ads,556854.3125,463130.1875,509257.96875,468382.66,2341.9133
1.54,TikTok,691243.875,621849.8125,656190.5,907431.9,4537.159
1.55,Facebook,430581.5625,366220.1875,398679.6875,686211.3,3431.0566
1.55,Google Ads,559086.25,464390.5,510977.75,471424.1,2357.1204
1.55,TikTok,694466.75,624483.3125,659061.125,913324.3,4566.6216
1.56,Facebook,432396.40625,367519.0,400276.0625,690638.5,3453.1924
1.56,Google Ads,561021.875,465643.53125,512688.5625,474465.56,2372.328
1.56,TikTok,697614.6875,627108.8125,661919.1875,919216.7,4596.0835
1.57,Facebook,434215.59375,368863.5,401865.75,695065.7,3475.3284
1.57,Google Ads,563131.4375,466857.25,514388.28125,477507.03,2387.5352
1.57,TikTok,700641.875,629722.0625,664766.5625,925109.2,4625.546
1.58,Facebook,436056.71875,370118.25,403448.1875,699492.9,3497.4644
1.58,Google Ads,565297.1875,468024.875,516077.84375,480548.47,2402.7424
1.58,TikTok,703709.75,632325.6875,667604.5,931001.6,4655.0083
1.59,Facebook,437886.09375,371421.625,405023.375,703920.06,3519.6003
1.59,Google Ads,567443.5625,469291.6875,517758.5625,483589.9,2417.9495
1.59,TikTok,706800.5,634918.0625,670429.625,936894.0,4684.47
1.6,Facebook,439602.75,372876.46875,406591.65625,708347.2,3541.7358
1.6,Google Ads,569438.125,470511.96875,519428.96875,486631.34,2433.1567
1.6,TikTok,709882.1875,637490.3125,673244.0625,942786.44,4713.932
1.61,Facebook,441468.21875,374135.125,408152.3125,712774.4,3563.8718
1.61,Google Ads,571482.75,471699.3125,521089.71875,489672.8,2448.364
1.61,TikTok,712950.1875,639932.4375,676048.1875,948678.8,4743.394
1.62,Facebook,443280.78125,375519.125,409707.40625,717201.56,3586.0078
1.62,Google Ads,573541.4375,472982.4375,522740.34375,492714.25,2463.5713
1.62,TikTok,716042.4375,642498.6875,678841.125,954571.25,4772.8564
1.6300000000000001,Facebook,445064.21875,376788.6875,411254.15625,721628.7,3608.1436
1.6300000000000001,Google Ads,575751.75,474107.96875,524381.0,495755.7,2478.7783
1.6300000000000001,TikTok,719062.25,645179.6875,681623.3125,960463.6,4802.3184
1.6400000000000001,Facebook,446931.5,378086.625,412795.375,726055.9,3630.2793
1.6400000000000001,Google Ads,577910.9375,475345.375,526012.8125,498797.12,2493.9856
1.6400000000000001,TikTok,722025.1875,647743.75,684395.5,966356.06,4831.7803
1.6500000000000001,Facebook,448699.28125,379406.5,414329.5,730483.06,3652.4153
1.6500000000000001,Google Ads,579800.5625,476399.1875,527635.0,501838.56,2509.1929
1.6500000000000001,TikTok,724987.5,650367.0625,687157.0625,972248.44,4861.242
1.6600000000000001,Facebook,450377.0,380733.125,415856.78125,734910.2,3674.551
1.6600000000000001,Google Ads,581650.6875,477546.5625,529248.0625,504880.0,2524.4
1.6600000000000001,TikTok,727949.1875,652765.25,689909.125,978140.9,4890.7046
1.67,Facebook,452120.96875,382078.15625,417377.46875,739337.4,3696.6868
1.67,Google Ads,583619.6875,478685.6875,530851.6875,507921.47,2539.6074
1.67,TikTok,730901.6875,655275.125,692648.3125,984033.25,4920.166
1.68,Facebook,453927.78125,383393.53125,418892.0,743764.56,3718.8228
1.68,Google Ads,585645.625,479818.6875,532446.5625,510962.9,2554.8145
1.68,TikTok,733818.125,657727.875,695379.5625,989925.7,4949.6284
1.69,Facebook,455601.96875,384694.84375,420399.15625,748191.75,3740.9587
1.69,Google Ads,587548.125,480811.6875,534032.9375,514004.38,2570.022
1.69,TikTok,736838.0,660204.3125,698100.375,995818.2,4979.091
1.7,Facebook,457334.125,386006.21875,421900.6875,752618.94,3763.0947
1.7,Google Ads,589445.875,481660.3125,535609.0625,517045.8,2585.229
1.7,TikTok,739848.875,662550.9375,700810.1875,1.00171056e+06,5008.5527
1.71,Facebook,459059.9375,387182.5625,423395.0625,757046.06,3785.2302
1.71,Google Ads,591452.75,482769.5625,537176.6875,520087.28,2600.4365
1.71,TikTok,742822.875,664942.1875,703509.6875,1.007603e+06,5038.015
1.72,Facebook,460772.4375,388532.4375,424883.6875,761473.25,3807.3662
1.72,Google Ads,593344.125,483906.5,538735.375,523128.72,2615.6436
1.72,TikTok,745822.9375,667454.3125,706202.25,1.0134954e+06,5067.477
1.73,Facebook,462487.8125,389788.84375,426365.34375,765900.44,3829.5022
1.73,Google Ads,595147.375,484969.9375,540284.6875,526170.1,2630.8506
1.73,TikTok,748700.375,669835.6875,708880.25,1.0193878e+06,5096.939
1.74,Facebook,464182.5625,391170.75,427841.59375,770327.56,3851.6377
1.74,Google Ads,596971.625,486063.5,541826.4375,529211.6,2646.058
1.74,TikTok,751690.4375,672204.0,711549.0625,1.0252802e+06,5126.401
1.75,Facebook,465749.15625,392564.78125,429311.46875,774754.75,3873.7737
1.75,Google Ads,598846.125,487033.15625,543358.625,532253.06,2661.2654
1.75,TikTok,754660.875,674587.5,714211.0625,1.0311726e+06,5155.8633
1.76,Facebook,467504.625,393866.15625,430774.28125,779181.94,3895.9097
1.76,Google Ads,601003.0625,488118.0625,544883.9375,535294.5,2676.4724
1.76,TikTok,757539.0625,676913.0,716861.4375,1.03706506e+06,5185.325
1.77,Facebook,469076.21875,395036.28125,432231.03125,783609.06,3918.0454
1.77,Google Ads,602854.1875,489109.84375,546399.0,538335.94,2691.6797
1.77,TikTok,760348.5625,679251.75,719504.8125,1.04295744e+06,5214.787
1.78,Facebook,470657.625,396328.84375,433683.8125,788036.25,3940.1812
1.78,Google Ads,604808.0,489986.34375,547907.125,541377.4,2706.887
1.78,TikTok,763180.0,681595.0625,722133.125,1.0488499e+06,5244.2495
1.79,Facebook,472405.46875,397690.4375,435128.28125,792463.44,3962.3171
1.79,Google Ads,606738.5625,491034.46875,549406.0,544418.8,2722.094
1.79,TikTok,766043.8125,684011.625,724755.3125,1.0547422e+06,5273.7114
1.8,Facebook,474158.59375,398753.3125,436567.53125,796890.56,3984.453
1.8,Google Ads,608647.625,492079.84375,550897.25,547460.25,2737.3013
1.8,TikTok,768933.5625,686468.6875,727368.25,1.0606346e+06,5303.1733
1.81,Facebook,475778.5625,399941.75,438000.21875,801317.75,4006.5889
1.81,Google Ads,610609.3125,493164.34375,552379.625,550501.7,2752.5085
1.81,TikTok,771734.9375,688847.0625,729971.0625,1.0665271e+06,5332.6357
1.82,Facebook,477489.40625,401212.59375,439427.5,805744.94,4028.7246
1.82,Google Ads,612572.625,494273.65625,553854.625,553543.2,2767.7158
1.82,TikTok,774589.0,691033.0,732564.5625,1.0724195e+06,5362.0977
1.83,Facebook,479104.1875,402475.0,440849.15625,810172.1,4050.8606
1.83,Google Ads,614533.5625,495333.1875,555320.6875,556584.6,2782.923
1.83,TikTok,777484.0,693319.875,735148.625,1.078312e+06,5391.56
1.84,Facebook,480814.34375,403605.96875,442264.53125,814599.3,4072.9966
1.84,Google Ads,616419.6875,496309.4375,556779.75,559626.06,2798.1304
1.84,TikTok,780258.1875,695508.125,737723.5625,1.0842044e+06,5421.022
1.85,Facebook,482487.03125,404842.5,443674.0625,819026.44,4095.132
1.85,Google Ads,618344.75,497419.1875,558230.8125,562667.5,2813.3374
1.85,TikTok,783114.5,697737.9375,740288.375,1.0900968e+06,5450.484
1.86,Facebook,484112.6875,406048.40625,445077.53125,823453.6,4117.268
1.86,Google Ads,620261.875,498524.4375,559672.875,565708.94,2828.5447
1.86,TikTok,786011.75,700079.3125,742845.6875,1.0959892e+06,5479.9463
1.87,Facebook,485714.25,407189.375,446476.3125,827880.8,4139.4043
1.87,Google Ads,622084.8125,499311.3125,561108.25,568750.4,2843.752
1.87,TikTok,788764.3125,702456.1875,745393.75,1.1018816e+06,5509.408
1.8800000000000001,Facebook,487294.96875,408222.5,447868.5,832307.94,4161.5396
1.8800000000000001,Google Ads,623884.3125,500329.9375,562536.9375,571791.8,2858.959
1.8800000000000001,TikTok,791667.75,704675.0625,747931.75,1.107774e+06,5538.87
1.8900000000000001,Facebook,488713.5625,409373.09375,449254.875,836735.1,4183.676
1.8900000000000001,Google Ads,625626.875,501465.90625,563956.1875,574833.25,2874.1663
1.8900000000000001,TikTok,794535.0625,707047.25,750460.6875,1.1136664e+06,5568.332
1.9000000000000001,Facebook,490322.6875,410476.4375,450636.96875,841162.3,4205.8115
1.9000000000000001,Google Ads,627433.0,502444.25,565368.0,577874.75,2889.3738
1.9000000000000001,TikTok,797373.0,709332.125,752981.6875,1.1195589e+06,5597.7944
1.9100000000000001,Facebook,491949.5,411698.125,452012.75,845589.44,4227.9473
1.9100000000000001,Google Ads,629131.0,503317.875,566772.0625,580916.2,2904.581
1.9100000000000001,TikTok,800096.5,711541.375,755493.8125,1.1254512e+06,5627.2563
1.92,Facebook,493578.40625,412879.40625,453383.09375,850016.6,4250.083
1.92,Google Ads,630757.1875,504085.96875,568170.0,583957.6,2919.788
1.92,TikTok,802805.5,713747.125,757996.5625,1.1313436e+06,5656.7183
1.93,Facebook,495172.625,413963.5625,454748.0,854443.8,4272.219
1.93,Google Ads,632586.0,504956.03125,569558.875,586999.06,2934.9954
1.93,TikTok,805387.9375,715983.5,760491.0,1.1372361e+06,5686.1807
1.94,Facebook,496824.46875,415081.25,456107.03125,858871.0,4294.355
1.94,Google Ads,634328.8125,505775.40625,570942.1875,590040.5,2950.2024
1.94,TikTok,807958.1875,718278.875,762976.0625,1.1431285e+06,5715.6426
1.95,Facebook,498369.40625,416080.84375,457461.15625,863298.2,4316.4907
1.95,Google Ads,636031.6875,506677.625,572317.4375,593082.0,2965.41
1.95,TikTok,810639.875,720504.875,765454.0,1.149021e+06,5745.105
1.96,Facebook,499896.96875,417174.75,458809.90625,867725.3,4338.6265
1.96,Google Ads,637904.875,507488.71875,573685.9375,596123.44,2980.6172
1.96,TikTok,813367.75,722586.4375,767920.4375,1.1549134e+06,5774.567
1.97,Facebook,501385.78125,418356.84375,460152.34375,872152.5,4360.7627
1.97,Google Ads,639583.6875,508394.96875,575047.5625,599164.9,2995.8245
1.97,TikTok,816208.6875,724888.375,770380.8125,1.1608058e+06,5804.029
1.98,Facebook,502960.09375,419433.3125,461491.375,876579.7,4382.8984
1.98,Google Ads,641515.3125,509374.3125,576400.6875,602206.3,3011.0315
1.98,TikTok,818990.0625,727062.6875,772832.25,1.1666981e+06,5833.4907
1.99,Facebook,504562.59375,420498.0625,462823.21875,881006.8,4405.034
1.99,Google Ads,643439.125,510386.78125,577748.25,605247.75,3026.2388
1.99,TikTok,821744.6875,729164.375,775274.0625,1.1725906e+06,5862.953
2.0,Facebook,506058.125,421601.625,464151.125,885434.0,4427.17
2.0,Google Ads,645293.0625,511386.40625,579087.6875,608289.2,3041.446
2.0,TikTok,824578.875,731362.25,777708.625,1.178483e+06,5892.415
2.0100000000000002,Facebook,507528.46875,422773.90625,465473.46875,889861.2,4449.306
2.0100000000000002,Google Ads,647129.9375,512235.03125,580421.5,611330.6,3056.653
2.0100000000000002,TikTok,827327.0625,733499.3125,780135.0625,1.1843754e+06,5921.877
2.02,Facebook,509164.875,423718.28125,466790.375,894288.3,4471.4414
2.02,Google Ads,648925.5625,512947.5,581746.6875,614372.06,3071.8604
2.02,TikTok,830025.4375,735754.5,782553.0625,1.1902679e+06,5951.3394
2.0300000000000002,Facebook,510826.71875,424753.53125,468103.28125,898715.5,4493.5776
2.0300000000000002,Google Ads,650514.75,513972.125,583067.375,617413.5,3087.0674
2.0300000000000002,TikTok,832696.8125,737993.1875,784962.375,1.1961602e+06,5980.8013
2.04,Facebook,512449.0625,425775.0,469410.5,903142.7,4515.7134
2.04,Google Ads,652455.375,514986.46875,584378.6875,620454.94,3102.2747
2.04,TikTok,835333.0625,740051.3125,787362.9375,1.2020526e+06,6010.263
2.05,Facebook,513967.71875,426850.375,470712.03125,907569.8,4537.849
2.05,Google Ads,654116.125,515675.09375,585685.0,623496.4,3117.482
2.05,TikTok,837928.125,742111.5,789756.4375,1.207945e+06,6039.725
2.06,Facebook,515483.5,427844.46875,472009.25,911997.0,4559.985
2.06,Google Ads,655835.25,516424.5,586984.8125,626537.9,3132.6895
2.06,TikTok,840651.375,744244.6875,792142.3125,1.2138375e+06,6069.1875
2.07,Facebook,517045.09375,428890.8125,473300.6875,916424.2,4582.121
2.07,Google Ads,657313.1875,517298.65625,588276.625,629579.3,3147.8965
2.07,TikTok,843325.6875,746358.5,794518.625,1.2197299e+06,6098.6494
2.08,Facebook,518685.59375,429911.71875,474587.78125,920851.3,4604.2563
2.08,Google Ads,658917.25,518192.4375,589562.875,632620.75,3163.1038
2.08,TikTok,846052.625,748481.6875,796888.375,1.2256222e+06,6128.1113
2.09,Facebook,520240.65625,430994.65625,475869.375,925278.5,4626.3926
2.09,Google Ads,660551.25,519089.28125,590843.25,635662.2,3178.311
2.09,TikTok,848749.125,750597.4375,799249.125,1.2315146e+06,6157.573
2.1,Facebook,521719.0625,432079.34375,477147.53125,929705.7,4648.5283
2.1,Google Ads,662320.1875,519974.3125,592117.0625,638703.6,3193.518
2.1,TikTok,851226.9375,752736.5625,801604.5,1.2374071e+06,6187.0356
2.11,Facebook,523207.625,433137.25,478419.40625,934132.8,4670.664
2.11,Google Ads,664169.375,520848.34375,593383.25,641745.06,3208.7253
2.11,TikTok,853870.8125,754916.6875,803948.125,1.2432995e+06,6216.4976
2.12,Facebook,524692.1875,434186.4375,479686.4375,938560.0,4692.8
2.12,Google Ads,665932.9375,521708.03125,594643.4375,644786.5,3223.9326
2.12,TikTok,856516.5625,756947.125,806286.875,1.2491919e+06,6245.9595
2.13,Facebook,526171.5,435227.03125,480949.59375,942987.25,4714.936
2.13,Google Ads,667555.75,522510.03125,595897.625,647828.0,3239.14
2.13,TikTok,859194.875,758966.625,808615.875,1.2550845e+06,6275.4224
2.14,Facebook,527688.3125,436271.1875,482207.59375,947414.44,4737.0723
2.14,Google Ads,669208.8125,523312.84375,597145.875,650869.44,3254.3472
2.14,TikTok,861813.5625,761006.125,810937.875,1.2609769e+06,6304.8843
2.15,Facebook,529199.625,437262.625,483461.15625,951841.56,4759.208
2.15,Google Ads,670769.6875,524108.1875,598388.875,653910.9,3269.5544
2.15,TikTok,864435.125,762967.625,813252.125,1.2668692e+06,6334.346
2.16,Facebook,530706.125,438258.625,484710.375,956268.75,4781.3438
2.16,Google Ads,672378.1875,524905.375,599624.8125,656952.4,3284.762
2.16,TikTok,867123.0,764911.5625,815559.75,1.2727618e+06,6363.8086
2.17,Facebook,532110.75,439207.625,485953.4375,960695.94,4803.4795
2.17,Google Ads,674085.25,525697.75,600852.75,659993.8,3299.969
2.17,TikTok,869785.75,766857.4375,817858.0,1.2786541e+06,6393.2705
2.18,Facebook,533509.0,440178.625,487192.75,965123.06,4825.615
2.18,Google Ads,675692.0625,526485.4375,602077.3125,663035.25,3315.1763
2.18,TikTok,872356.5625,768778.0,820150.625,1.2845465e+06,6422.7324
2.19,Facebook,534985.875,441128.59375,488428.09375,969550.25,4847.7515
2.19,Google Ads,677292.375,527229.25,603295.4375,666076.7,3330.3835
2.19,TikTok,874867.625,770793.5625,822436.625,1.2904389e+06,6452.1943
